Step,Tension_Force_1,Tension_Force_2,Tension_Force_3,Tension_Force_4,Tension_Force_5,Tension_Force_6,Tension_Force_7,Tension_Force_8,Tension_Force_9,Tension_Force_10,Tension_Force_11,Tension_Force_12,Tension_Force_13,Tension_Force_14,Tension_Force_15,Tension_Force_16,Tension_Force_17,Tension_Force_18,Tension_Force_19,Tension_Force_20,Tension_Force_21,Tension_Force_22,Tension_Force_23,Tension_Force_24
0,-0.24694204,0.2956446,1.0,-0.4387356,1.0,0.5161602,-0.34357414,-0.9522338,0.034815937,1.0,1.0,1.0,-0.03225273,-1.0,-1.0,1.0,-1.0,0.9560654,0.8139671,-0.088478096,-0.94116646,1.0,1.0,-1.0
1,1.0,-1.0,1.0,1.0,1.0,-0.050610427,-0.5084499,-1.0,1.0,1.0,1.0,1.0,-0.6827751,1.0,-1.0,1.0,-1.0,1.0,1.0,-1.0,-0.52084243,1.0,1.0,-1.0
2,1.0,-1.0,0.93059623,1.0,1.0,0.57337636,-1.0,-1.0,1.0,1.0,1.0,1.0,-0.8873742,1.0,-1.0,1.0,-1.0,1.0,1.0,-1.0,-0.56897986,1.0,1.0,-1.0
3,1.0,-1.0,1.0,1.0,1.0,0.1742031,-1.0,-0.6790931,1.0,1.0,1.0,1.0,-0.8021628,1.0,-1.0,1.0,-1.0,1.0,1.0,-1.0,-0.23907536,1.0,1.0,-1.0
4,1.0,-1.0,1.0,1.0,1.0,0.5403551,-1.0,-0.98506725,1.0,1.0,1.0,0.9334353,-1.0,1.0,-1.0,1.0,-1.0,1.0,1.0,-1.0,-0.15176511,1.0,1.0,-1.0
5,1.0,-1.0,1.0,1.0,1.0,1.0,-1.0,-0.8288424,1.0,1.0,1.0,0.53135645,-1.0,1.0,-1.0,1.0,-1.0,1.0,1.0,-1.0,0.1965,1.0,1.0,-1.0
6,1.0,-1.0,1.0,1.0,1.0,1.0,-0.053275913,-0.86310637,0.98469007,1.0,1.0,-0.01864028,-1.0,1.0,-1.0,1.0,-1.0,1.0,1.0,-1.0,1.0,1.0,1.0,-1.0
7,1.0,-1.0,1.0,1.0,1.0,1.0,-0.4556146,-0.8609042,1.0,1.0,1.0,0.08426839,-1.0,1.0,-1.0,1.0,-1.0,1.0,1.0,-1.0,1.0,1.0,1.0,-1.0
8,1.0,-1.0,1.0,1.0,1.0,1.0,-0.027208954,-1.0,1.0,1.0,1.0,-0.04817164,-1.0,1.0,-1.0,1.0,-1.0,1.0,1.0,-1.0,1.0,0.76728106,1.0,-1.0
9,1.0,-1.0,1.0,1.0,1.0,1.0,0.018877834,-1.0,1.0,1.0,1.0,-0.05256957,-1.0,1.0,-1.0,1.0,-1.0,1.0,1.0,-1.0,1.0,0.6783478,1.0,-1.0
10,1.0,-1.0,1.0,1.0,1.0,1.0,0.027816385,-1.0,1.0,1.0,1.0,-0.014468133,-1.0,1.0,-1.0,1.0,-1.0,1.0,1.0,-1.0,1.0,0.73310107,1.0,-1.0
11,1.0,-1.0,1.0,1.0,1.0,1.0,0.029431134,-0.9263015,1.0,1.0,1.0,0.0106527805,-1.0,1.0,-1.0,1.0,-1.0,1.0,1.0,-1.0,1.0,0.80861604,1.0,-1.0
12,1.0,-1.0,1.0,1.0,1.0,1.0,0.05778393,-0.8505757,1.0,1.0,1.0,0.10490894,-1.0,1.0,-1.0,1.0,-1.0,1.0,1.0,-1.0,1.0,0.88144016,1.0,-1.0
13,1.0,-1.0,1.0,1.0,1.0,0.9987316,-0.07856515,-0.73528767,1.0,1.0,1.0,0.35808146,-1.0,1.0,-1.0,1.0,-1.0,1.0,1.0,-1.0,1.0,0.9227207,1.0,-1.0
14,1.0,-1.0,1.0,1.0,1.0,0.9895698,-0.7623844,-0.9609852,1.0,1.0,1.0,0.6416937,-1.0,1.0,-1.0,1.0,-1.0,1.0,1.0,-1.0,1.0,0.7533041,1.0,-1.0
15,1.0,-1.0,1.0,1.0,1.0,1.0,-1.0,-0.79133224,1.0,1.0,1.0,1.0,-1.0,1.0,-1.0,1.0,-1.0,1.0,1.0,-1.0,1.0,1.0,1.0,-1.0
16,0.9407177,-1.0,1.0,1.0,1.0,1.0,-1.0,-0.8482213,1.0,1.0,1.0,1.0,-1.0,1.0,-1.0,1.0,-1.0,1.0,1.0,-1.0,1.0,1.0,1.0,-1.0
17,1.0,-1.0,1.0,1.0,-0.83301616,1.0,-0.6460998,0.57714367,0.5348996,1.0,1.0,1.0,-0.44182676,0.7932568,-1.0,1.0,-1.0,1.0,1.0,-1.0,1.0,1.0,0.75925386,-1.0
18,0.83717406,0.90824383,1.0,-0.93521684,-0.025518358,1.0,0.21923599,1.0,1.0,1.0,1.0,1.0,0.8069907,1.0,-1.0,1.0,1.0,1.0,1.0,-1.0,0.7354074,1.0,0.8628863,0.78491724
19,1.0,0.816951,1.0,-0.924518,-1.0,1.0,1.0,1.0,1.0,1.0,1.0,1.0,1.0,0.5090454,-1.0,1.0,1.0,1.0,1.0,-1.0,1.0,0.14838241,-1.0,0.27481818
20,0.98867714,1.0,1.0,-1.0,-0.8851177,1.0,0.977365,1.0,0.12000042,1.0,0.5950685,1.0,1.0,1.0,-1.0,-1.0,0.9338144,1.0,1.0,-1.0,1.0,1.0,0.008595765,0.03801734
21,0.61013854,1.0,1.0,-1.0,-0.9816696,1.0,1.0,1.0,1.0,1.0,1.0,1.0,1.0,1.0,-0.92420197,-0.46133408,0.7739202,1.0,1.0,-1.0,1.0,1.0,-0.1600557,0.74401474
22,-0.37382373,1.0,1.0,-1.0,-0.9501739,1.0,1.0,1.0,1.0,1.0,1.0,1.0,1.0,1.0,-0.9482337,-0.014738649,-0.052048385,1.0,1.0,-1.0,1.0,1.0,-0.32302433,1.0
23,-0.92531455,1.0,1.0,-1.0,-1.0,1.0,1.0,1.0,0.89410436,1.0,1.0,1.0,1.0,0.60384786,-0.8224784,-0.49756745,-0.013371855,1.0,1.0,-1.0,1.0,1.0,-0.47145107,1.0
24,-1.0,0.88682795,1.0,-1.0,-1.0,1.0,1.0,1.0,0.7197031,1.0,1.0,1.0,1.0,0.33455798,-0.5521456,-1.0,0.3018209,1.0,1.0,-1.0,1.0,1.0,0.21703988,1.0
25,-1.0,0.61576355,1.0,-1.0,-1.0,1.0,1.0,1.0,0.76893556,1.0,0.6486864,1.0,1.0,0.35045716,-1.0,-1.0,-0.39704213,1.0,1.0,-1.0,1.0,0.90972066,-0.26900393,1.0
26,-1.0,1.0,1.0,-1.0,-1.0,1.0,1.0,1.0,0.41763952,1.0,0.27031803,1.0,1.0,0.19368634,-0.23156962,-0.85167587,0.20635548,1.0,1.0,-1.0,1.0,1.0,0.15070528,1.0
27,-1.0,1.0,1.0,-1.0,-1.0,1.0,1.0,1.0,0.5392822,1.0,1.0,1.0,1.0,0.07800153,-0.57907355,-0.31826687,1.0,1.0,0.84281075,-1.0,1.0,1.0,0.23482579,1.0
28,-0.5207335,1.0,1.0,-1.0,-1.0,1.0,1.0,1.0,0.8226719,1.0,1.0,1.0,1.0,-0.03999204,-1.0,0.44030306,1.0,1.0,1.0,-1.0,1.0,0.2005078,0.08321875,1.0
29,0.696609,-0.32342815,1.0,-1.0,-1.0,1.0,1.0,1.0,-1.0,1.0,1.0,1.0,1.0,0.0023262613,-1.0,0.41791168,1.0,1.0,1.0,-1.0,1.0,-1.0,-1.0,-0.639891
30,0.1517897,-0.5262373,1.0,-1.0,-1.0,-0.11166307,0.70933986,1.0,-1.0,1.0,0.056782022,0.7684003,0.29500747,-1.0,-1.0,0.6586212,1.0,1.0,1.0,0.6652962,-0.20661741,-1.0,-1.0,-1.0
31,0.29204008,-0.20002109,1.0,-0.647636,-1.0,0.7129009,-0.77161086,1.0,-1.0,1.0,-0.87839985,1.0,0.5529508,-1.0,-1.0,1.0,1.0,1.0,1.0,1.0,1.0,-1.0,-0.68936765,-0.15546703
32,-1.0,1.0,1.0,-1.0,-1.0,1.0,0.36522952,1.0,-1.0,1.0,-0.61793697,0.9193617,1.0,0.20126298,0.043731093,-0.6931435,1.0,0.6902554,0.44868562,1.0,-0.34533238,-1.0,0.056440234,0.23681167
33,-1.0,1.0,-0.7386188,-1.0,-1.0,1.0,1.0,1.0,-1.0,1.0,-1.0,-0.29752594,1.0,-0.29390123,1.0,-1.0,1.0,-0.7381033,-0.44376692,1.0,0.9248923,-1.0,-0.15810955,1.0
34,-0.31041154,1.0,-1.0,-1.0,-1.0,0.16985965,-1.0,1.0,-1.0,-1.0,-1.0,1.0,1.0,-0.1835598,1.0,-1.0,1.0,-1.0,-1.0,0.89924914,1.0,0.18128477,-1.0,1.0
35,-0.43202695,1.0,-1.0,-0.23910905,-1.0,0.9381286,-1.0,1.0,-1.0,-1.0,0.2475511,0.44945753,1.0,-0.36786047,1.0,-1.0,-0.67927694,-1.0,-1.0,1.0,1.0,1.0,-1.0,1.0
36,-1.0,1.0,-1.0,1.0,-1.0,0.11037636,-1.0,0.3996602,-1.0,-0.7785426,1.0,0.63941693,-0.10156065,0.9156752,-1.0,-1.0,-0.49577883,-1.0,-1.0,0.7655446,1.0,-1.0,-1.0,1.0
37,-1.0,1.0,-1.0,-0.803938,-1.0,0.030912753,-0.9094641,1.0,-1.0,-1.0,0.12927116,1.0,1.0,-1.0,1.0,-1.0,-0.21940672,-1.0,-1.0,0.86862326,1.0,-1.0,-1.0,0.9030041
38,-0.7358496,1.0,-0.6996934,-1.0,-1.0,1.0,-1.0,1.0,-1.0,-1.0,-1.0,0.6870707,1.0,-1.0,1.0,-1.0,-0.07255399,-1.0,-1.0,1.0,1.0,-1.0,-1.0,1.0
39,-0.88647497,1.0,-0.87574166,-1.0,-1.0,0.61136913,-0.6549536,1.0,-1.0,-1.0,-1.0,0.98170626,1.0,-1.0,1.0,-1.0,1.0,-1.0,-1.0,1.0,1.0,-1.0,-1.0,1.0
40,-0.8671293,1.0,0.27642924,-1.0,-1.0,-0.13160145,-0.4148626,1.0,-1.0,-1.0,-1.0,0.5856174,1.0,-1.0,1.0,-1.0,0.7772429,-1.0,-1.0,1.0,1.0,-1.0,-1.0,1.0
41,-0.72443247,1.0,-0.14310084,-0.8638693,-1.0,-1.0,0.5611985,1.0,-1.0,-0.17381364,0.4379142,0.14256012,1.0,-1.0,1.0,-1.0,0.68926907,-1.0,-1.0,1.0,1.0,-1.0,-0.7877062,1.0
42,-0.86443603,1.0,1.0,-1.0,-1.0,-1.0,0.5735426,1.0,-1.0,-1.0,0.022558466,-0.49763256,1.0,-1.0,1.0,-1.0,0.3672789,-1.0,-1.0,1.0,1.0,-1.0,-0.95322424,1.0
43,-1.0,1.0,1.0,-0.09141363,-1.0,-1.0,-0.13932654,1.0,-1.0,-0.8973736,-0.76897955,-0.6777937,1.0,-1.0,1.0,-1.0,1.0,-1.0,-1.0,1.0,-0.40349108,-1.0,-1.0,1.0
44,-1.0,1.0,1.0,-0.8465459,-0.4241597,-0.6072542,0.117450625,1.0,-1.0,0.110449016,-1.0,-0.8429593,1.0,-1.0,1.0,-1.0,1.0,-1.0,-0.86073625,1.0,-1.0,-1.0,0.83160365,1.0
45,-1.0,0.3416639,1.0,-1.0,-1.0,-0.34201062,0.42753586,1.0,-0.5242934,-0.07957214,-1.0,-1.0,1.0,-1.0,1.0,-0.7160492,1.0,-1.0,-0.20034686,1.0,-0.022043765,-1.0,0.004828453,1.0
46,-1.0,0.9305709,1.0,-0.59777915,-0.080939144,-1.0,0.19167492,0.58006066,0.3665159,0.5511537,-1.0,-0.956793,1.0,-1.0,1.0,-0.17809787,1.0,-1.0,-0.47077426,1.0,-1.0,-0.40515924,-0.36144477,1.0
47,-1.0,1.0,1.0,-0.9539657,-0.039670557,-1.0,1.0,0.4239669,0.39683512,1.0,-1.0,-1.0,1.0,-1.0,1.0,-0.12190947,1.0,-1.0,-0.5300193,1.0,-1.0,-1.0,0.23093122,1.0
48,-1.0,0.8239574,1.0,-1.0,0.30859375,-0.77113444,0.44391242,0.4540784,0.95236516,1.0,-1.0,-1.0,1.0,-1.0,1.0,0.03824675,1.0,-1.0,-0.89460576,1.0,-1.0,-1.0,-0.15795183,1.0
49,-1.0,1.0,1.0,-0.5843421,0.3543695,-0.49396938,0.21653655,1.0,0.7663146,1.0,-1.0,-1.0,1.0,-1.0,1.0,-0.6316489,1.0,-1.0,-1.0,1.0,-1.0,-0.65588915,-0.28000456,1.0
50,-1.0,0.56112945,1.0,-0.894544,0.24647862,-0.17389807,0.8174187,1.0,0.7453109,0.2975165,-0.27862197,-1.0,1.0,-1.0,1.0,-0.40029922,0.5451668,-1.0,-1.0,1.0,-1.0,-0.51127434,-0.3942721,1.0
51,-0.7857549,-0.6120669,1.0,-0.8617331,1.0,-0.6256574,0.28893474,0.9798784,1.0,-0.55245525,-1.0,-0.7951904,1.0,-1.0,1.0,0.29081517,0.40323442,-1.0,-1.0,1.0,-1.0,-0.6025903,-0.88864195,1.0
52,-1.0,-0.458072,1.0,-0.49576753,1.0,-1.0,0.3875195,0.6719224,1.0,-0.61777633,-0.8761557,-0.17372018,1.0,-1.0,1.0,0.8554307,0.028232664,-1.0,-1.0,1.0,-1.0,-0.28747833,-0.8833473,1.0
53,-1.0,-0.5340099,1.0,-0.47391587,1.0,-0.9822257,-1.0,0.7611588,1.0,-1.0,-0.79793733,-0.10042918,1.0,-1.0,1.0,1.0,0.5306469,-0.95149004,-1.0,1.0,-1.0,0.68005335,-0.88076365,1.0
54,-1.0,-0.8802838,1.0,-0.21286778,1.0,-0.6474101,-0.39445624,0.5056206,0.7431613,-1.0,0.19297774,-1.0,1.0,-1.0,1.0,0.6748545,-0.22479501,-1.0,-1.0,1.0,-1.0,-0.1904235,-0.7576589,1.0
55,-1.0,-0.37958175,1.0,-0.47250468,1.0,-1.0,0.041235298,0.6102508,1.0,0.59447557,-0.08813338,-0.9815768,1.0,-1.0,1.0,-0.2757889,0.36464876,-1.0,-1.0,1.0,-1.0,0.4941994,0.13860285,1.0
56,-0.97156215,-0.40129936,1.0,-1.0,1.0,-1.0,-0.2367634,0.50418556,1.0,1.0,0.061822668,0.011011481,0.41908824,-1.0,1.0,-0.7282289,1.0,-1.0,-0.63811696,1.0,-1.0,0.5685272,-0.04945588,1.0
57,-1.0,-0.3281594,1.0,-1.0,0.80372715,-1.0,0.11860263,1.0,1.0,1.0,0.4869287,0.45301485,0.64117396,-1.0,1.0,-0.9944353,1.0,-0.85650086,-0.976401,1.0,-1.0,0.30225325,-0.2938966,1.0
58,-1.0,1.0,1.0,-1.0,0.77963656,-0.40836746,-0.310229,1.0,1.0,1.0,1.0,-0.75124276,0.60158265,-1.0,1.0,-1.0,1.0,-1.0,-1.0,1.0,-1.0,1.0,0.27310342,1.0
59,-1.0,0.5345711,1.0,-1.0,1.0,-0.42305666,-0.28846717,1.0,1.0,1.0,0.85521567,-1.0,0.37596694,-1.0,1.0,-1.0,1.0,-1.0,-1.0,1.0,-1.0,1.0,-0.06929529,1.0
60,-1.0,0.45272595,1.0,-1.0,1.0,-0.69713384,0.032138318,1.0,1.0,1.0,1.0,-0.9850817,0.938452,-1.0,1.0,-1.0,1.0,-1.0,-1.0,1.0,-1.0,1.0,0.071114,1.0
61,-1.0,0.4244581,1.0,-0.84812677,1.0,-0.69677544,-0.01428467,1.0,1.0,1.0,1.0,-0.8208767,0.98768294,-1.0,1.0,-1.0,0.6225283,-1.0,-1.0,1.0,-1.0,1.0,0.3067236,1.0
62,-1.0,0.34806338,1.0,-1.0,1.0,-0.61399734,-0.2916894,1.0,1.0,0.6994406,1.0,-0.43055356,1.0,-1.0,1.0,-1.0,0.14750549,-1.0,-1.0,1.0,-1.0,1.0,-0.13648838,1.0
63,-1.0,0.43699747,1.0,-1.0,0.88694966,-0.5846474,-0.3754897,1.0,1.0,1.0,1.0,-0.19701397,1.0,-1.0,1.0,-1.0,0.15421131,-1.0,-1.0,1.0,-1.0,1.0,-0.08944774,1.0
64,-1.0,0.7424376,0.93563515,-1.0,1.0,-0.86459374,-0.44928628,0.40229127,1.0,1.0,1.0,-0.8238591,1.0,-1.0,1.0,-1.0,-0.13604221,-1.0,-0.9572294,1.0,-1.0,1.0,-0.16711974,1.0
65,-1.0,0.25693887,0.8616348,-1.0,1.0,-0.82173634,-0.6624181,1.0,1.0,1.0,1.0,-0.61257154,1.0,-1.0,1.0,-1.0,-0.30036846,-1.0,-0.72320724,1.0,-1.0,1.0,-0.14417928,1.0
66,-1.0,0.14267537,1.0,-1.0,0.67447364,-1.0,-0.1416317,0.858824,1.0,1.0,1.0,-1.0,1.0,-1.0,1.0,-1.0,0.600331,-1.0,-0.78597236,1.0,-1.0,1.0,0.10245091,1.0
67,-1.0,-0.18712169,1.0,-0.91859984,1.0,-1.0,-0.3294813,1.0,1.0,0.9747875,0.34431797,-0.7900468,0.7370992,-1.0,1.0,-1.0,0.76130915,-1.0,-0.33290926,1.0,-1.0,1.0,-0.081909835,1.0
68,-1.0,1.0,1.0,-0.9316816,1.0,-1.0,-0.5137968,1.0,1.0,0.47406667,0.4210394,-1.0,1.0,-1.0,1.0,-1.0,1.0,-1.0,-0.8671422,1.0,-1.0,1.0,0.18511236,1.0
69,-0.90518045,-0.3672155,1.0,-0.6842282,1.0,-0.68525934,0.17823982,1.0,1.0,-1.0,0.67042106,-1.0,1.0,-1.0,1.0,-0.7226598,1.0,-1.0,-1.0,1.0,-1.0,-0.1399454,-0.19857967,1.0
70,-1.0,0.33751312,1.0,-0.5769414,1.0,-0.63861525,0.20711273,1.0,1.0,0.23353851,0.568491,-0.5354244,1.0,-1.0,1.0,-0.60615695,0.89121604,-1.0,-1.0,1.0,-1.0,0.64044404,-0.85047716,1.0
71,-1.0,-0.03523463,1.0,-0.11605559,1.0,-1.0,-0.60573065,0.96043766,1.0,-0.19679391,0.63700974,-0.4401647,1.0,-1.0,1.0,-0.21269324,0.7893311,-1.0,-1.0,1.0,-1.0,0.81064075,-1.0,1.0
72,-1.0,0.3307766,1.0,1.0,1.0,0.07724005,0.25350204,0.22645733,1.0,-0.8361626,0.23252417,-0.51487267,1.0,-1.0,1.0,-0.45239642,0.45733044,-1.0,-1.0,1.0,-1.0,0.74446476,-0.9989167,1.0
73,-1.0,1.0,1.0,1.0,-0.419545,0.033073958,-0.22428373,0.44955042,0.20792893,-0.32401305,0.9854827,0.55559653,1.0,-1.0,1.0,-1.0,0.18339002,-1.0,-1.0,1.0,-1.0,0.8666675,-0.5516852,1.0
74,-1.0,1.0,1.0,1.0,-1.0,-0.5309426,-0.6595745,-0.060528874,0.37188974,-0.41345066,1.0,-0.10165194,1.0,-1.0,1.0,-1.0,-0.53472626,-1.0,-1.0,1.0,-1.0,1.0,-0.7846924,1.0
75,-1.0,1.0,1.0,1.0,-0.65161324,-0.30952203,-0.8099139,0.53464174,1.0,-0.11129379,1.0,0.04819727,1.0,-1.0,1.0,-1.0,-0.14596888,-1.0,-1.0,1.0,-1.0,1.0,-0.7521127,1.0
76,-1.0,1.0,1.0,1.0,-0.67950594,-0.48330188,-0.86135375,0.435788,0.9460367,0.265,1.0,-0.058179647,1.0,-1.0,1.0,-1.0,-0.009628773,-1.0,-1.0,1.0,-1.0,1.0,-0.9105022,1.0
77,-1.0,1.0,1.0,1.0,-1.0,-0.60308135,-0.3705924,0.077878565,1.0,0.37177986,1.0,-0.2837009,1.0,-1.0,1.0,-1.0,-0.18319485,-1.0,-1.0,1.0,-1.0,1.0,-1.0,1.0
78,-1.0,1.0,1.0,1.0,-0.6593703,-0.9467968,-0.684639,0.13575992,1.0,0.7718159,1.0,-0.14505076,1.0,-1.0,1.0,-1.0,-0.54037035,-1.0,-1.0,1.0,-1.0,1.0,-1.0,1.0
79,-1.0,1.0,1.0,1.0,0.6114266,-1.0,-0.1044447,0.069613725,1.0,0.4729312,1.0,-0.7024096,1.0,-1.0,1.0,-1.0,-1.0,-1.0,-1.0,1.0,-1.0,0.8092628,-1.0,1.0
80,-0.9113264,1.0,1.0,1.0,0.59100085,-1.0,-1.0,1.0,1.0,0.38197076,1.0,-0.46217167,1.0,-1.0,1.0,-1.0,-1.0,-1.0,-1.0,1.0,-1.0,0.7341802,-1.0,1.0
81,-0.2533225,1.0,1.0,1.0,0.24926865,-1.0,-0.33827043,0.9933914,1.0,-0.17497724,1.0,0.002389282,1.0,-1.0,1.0,-1.0,-1.0,-1.0,-1.0,1.0,-1.0,1.0,-1.0,1.0
82,-0.6182881,0.7848715,1.0,1.0,0.82725865,-1.0,-0.39302444,0.806051,1.0,-0.60430783,0.3174761,0.097136706,1.0,-1.0,1.0,-1.0,-0.8901446,-1.0,-1.0,1.0,-1.0,0.5512151,-1.0,1.0
83,-0.76578474,1.0,1.0,1.0,1.0,-1.0,-0.044617847,0.07425925,1.0,-0.9603265,0.65813386,-0.30045825,1.0,-1.0,1.0,-0.52777755,-1.0,-1.0,-1.0,1.0,-0.79963976,0.3137862,-1.0,1.0
84,-1.0,1.0,0.9100703,1.0,1.0,-1.0,-0.5799726,0.65912557,1.0,0.44436103,-0.29960418,0.35317808,1.0,-1.0,1.0,-1.0,-0.9373417,-1.0,-1.0,1.0,-1.0,1.0,-1.0,1.0
85,-0.91938937,1.0,1.0,1.0,1.0,-1.0,-1.0,-0.78718233,1.0,-0.4209116,-0.22251211,-0.30582875,0.55897444,-1.0,1.0,-1.0,-1.0,-1.0,-1.0,0.31537914,0.09092516,1.0,-1.0,1.0
86,-1.0,1.0,0.10112341,1.0,1.0,-1.0,-1.0,-1.0,1.0,-0.32340676,0.30520433,-0.099232286,1.0,-1.0,1.0,-0.35649452,-1.0,-1.0,-1.0,1.0,-1.0,1.0,-1.0,1.0
87,-1.0,1.0,-0.1997853,1.0,0.8167448,-1.0,-0.41208845,-1.0,-0.32559058,-1.0,-0.85652834,-0.08012456,1.0,-1.0,1.0,-1.0,-1.0,-1.0,-1.0,1.0,-1.0,0.79991823,-1.0,1.0
88,-0.97383785,1.0,-0.3089521,1.0,1.0,-0.82884425,-0.22408347,-0.9224622,-0.8868563,-1.0,-1.0,-0.3322625,1.0,-1.0,1.0,-1.0,-1.0,-1.0,-1.0,1.0,-1.0,0.5388645,-1.0,1.0
89,-0.784461,1.0,-0.38460267,1.0,0.6282413,-1.0,0.2632467,-1.0,-1.0,-1.0,-1.0,0.0065864325,1.0,-1.0,1.0,-0.9560971,-1.0,-1.0,-1.0,1.0,-1.0,1.0,-1.0,1.0
90,-0.72745,1.0,-0.69217515,1.0,0.5118831,-1.0,0.35021165,-1.0,-1.0,-1.0,-1.0,-0.0994052,1.0,-1.0,1.0,-1.0,-1.0,-1.0,-1.0,1.0,-1.0,1.0,-1.0,1.0
91,-0.42785046,0.8445908,-0.19404562,1.0,0.84609526,-1.0,0.74948764,-1.0,-1.0,-0.8832963,-0.73087317,-0.31210887,1.0,-1.0,1.0,-0.70603883,-1.0,-1.0,-1.0,1.0,-1.0,0.6481748,-1.0,1.0
92,-0.8351128,1.0,-0.21479435,1.0,0.18595481,-1.0,0.60147405,-0.9525521,-1.0,-0.8164126,-0.18901764,-0.11503449,1.0,-1.0,1.0,-0.46435723,-1.0,-1.0,-1.0,1.0,-1.0,0.7776319,-1.0,1.0
93,-1.0,1.0,-0.53121287,1.0,-0.65764886,-1.0,0.5940051,-0.64874613,-1.0,-0.8195725,-0.15269773,0.06709573,1.0,-1.0,1.0,-0.4729134,-1.0,-1.0,-1.0,1.0,-0.73950964,0.89329857,-1.0,1.0
94,-1.0,1.0,-1.0,1.0,-0.63954216,-1.0,0.41911986,-0.8477448,-1.0,-0.34832966,-0.2681672,0.0017920732,1.0,-1.0,1.0,-0.6573615,-0.8582531,-1.0,-1.0,1.0,-0.7417409,0.7877691,-1.0,1.0
95,-1.0,1.0,-1.0,1.0,1.0,-1.0,0.7433312,-0.7824507,0.051707774,-1.0,-1.0,0.44150817,1.0,-1.0,1.0,-1.0,-0.870855,-1.0,-1.0,1.0,-0.56166476,1.0,-1.0,1.0
96,-1.0,1.0,0.11364119,1.0,0.02449727,-0.25597718,0.42543522,-1.0,-0.08413944,-0.85179156,-0.5465436,-0.5480753,1.0,-1.0,1.0,-1.0,-0.4592981,-1.0,-1.0,1.0,-0.91519946,1.0,-1.0,1.0
97,-1.0,1.0,0.3802024,1.0,-0.6195083,0.23187092,0.27040067,-0.6443143,-0.543213,-0.5458892,-1.0,-0.65508306,1.0,-1.0,1.0,-1.0,-1.0,-1.0,-1.0,1.0,-1.0,0.7901587,-1.0,1.0
98,-1.0,1.0,-0.18213268,1.0,-0.6571092,0.13292804,0.69378364,-0.55700004,0.35881796,-0.31980628,-1.0,-0.13607407,1.0,-1.0,1.0,-1.0,-0.63553715,-1.0,-1.0,1.0,-0.776027,1.0,-0.73411655,1.0
99,-1.0,1.0,0.7165964,0.25304508,-1.0,1.0,-0.369498,-0.13429484,-0.13973081,-1.0,-0.26359236,-0.49104458,1.0,-1.0,1.0,-1.0,-0.098030776,-1.0,-1.0,1.0,0.44796485,1.0,-0.5650329,1.0
100,-1.0,1.0,0.5764872,0.65324605,-1.0,1.0,-1.0,0.18941012,-0.1956508,-1.0,-0.89951617,-0.61564744,1.0,-1.0,1.0,-1.0,-0.9431505,-1.0,-1.0,1.0,-0.16716188,0.80589104,-0.4706011,1.0
101,-1.0,1.0,0.53998286,0.80106336,-1.0,1.0,-0.86973333,0.4424279,0.34904543,-1.0,-0.7074431,-0.16873747,1.0,-0.9566506,1.0,-1.0,-1.0,-1.0,-1.0,1.0,-0.4933092,1.0,-0.31147897,1.0
102,-1.0,1.0,-1.0,1.0,-0.24886423,1.0,-1.0,-1.0,0.96185195,-1.0,1.0,-0.33334145,0.56654125,-0.28025147,1.0,-1.0,-1.0,-1.0,-1.0,1.0,-1.0,1.0,-0.047032475,1.0
103,-1.0,1.0,-1.0,1.0,-1.0,1.0,-0.9983871,-0.22968122,0.6002563,-1.0,1.0,0.5721343,0.6842099,-0.3288458,1.0,-1.0,-1.0,-1.0,-0.16549388,1.0,-1.0,1.0,-0.30847463,1.0
104,-1.0,1.0,-1.0,1.0,-0.58080125,0.6915934,-1.0,-0.08061984,0.56306684,-1.0,1.0,-0.04251647,1.0,-0.26317197,1.0,-0.9802172,-1.0,-1.0,-0.3887137,1.0,-1.0,1.0,0.18865812,1.0
105,-1.0,1.0,-1.0,1.0,-0.06829691,-0.14967263,-1.0,-0.3557246,1.0,-1.0,1.0,-1.0,0.9097218,-0.30761293,1.0,-1.0,-1.0,-1.0,-1.0,1.0,-1.0,1.0,0.4585563,1.0
106,-1.0,1.0,-0.22218908,0.990722,-1.0,1.0,-1.0,-0.3073223,1.0,-1.0,1.0,-1.0,1.0,0.74430656,1.0,-1.0,-1.0,-1.0,-0.9963163,1.0,-1.0,0.2720536,-0.6255963,1.0
107,-1.0,1.0,-0.00420703,1.0,0.29120916,1.0,-1.0,-0.4313071,1.0,-1.0,1.0,-1.0,1.0,0.4677116,1.0,-1.0,-1.0,-1.0,-1.0,1.0,-1.0,-0.4313811,-1.0,1.0
108,-1.0,1.0,0.38049966,1.0,1.0,-0.5150553,-1.0,-1.0,1.0,-1.0,1.0,-1.0,0.9034607,-0.7883346,1.0,-1.0,-1.0,-1.0,-1.0,1.0,-1.0,-0.0138203055,-1.0,1.0
109,-1.0,1.0,0.056612477,1.0,-0.04722956,-1.0,-0.99343884,-0.64434385,0.938419,-1.0,1.0,-1.0,1.0,-1.0,1.0,-1.0,-1.0,-1.0,-1.0,1.0,-0.95563275,0.16001116,-1.0,1.0
110,-1.0,1.0,0.32049412,1.0,0.5488197,-1.0,-1.0,-0.35536388,0.9864365,-0.527028,1.0,-1.0,1.0,-1.0,1.0,-1.0,-1.0,-1.0,-1.0,1.0,-1.0,0.6495276,-1.0,1.0
111,-1.0,1.0,0.7930837,1.0,-0.8045318,-1.0,-1.0,-0.75868833,1.0,-0.256167,1.0,-1.0,1.0,-1.0,1.0,-1.0,-1.0,-1.0,-1.0,1.0,-1.0,1.0,-1.0,1.0
112,-1.0,1.0,1.0,1.0,0.10607867,-1.0,-1.0,-1.0,1.0,-0.10510951,1.0,-1.0,1.0,-1.0,1.0,-0.8375654,-1.0,-1.0,-1.0,1.0,-1.0,1.0,-0.35853004,1.0
113,-1.0,1.0,1.0,1.0,1.0,-1.0,-1.0,-0.99037814,1.0,1.0,1.0,-1.0,1.0,-1.0,1.0,-1.0,-1.0,-1.0,-0.9699124,1.0,-1.0,1.0,-0.38099527,1.0
114,-1.0,1.0,1.0,1.0,1.0,-1.0,-1.0,-1.0,1.0,1.0,1.0,-0.4675688,0.8823661,-1.0,1.0,-1.0,-1.0,-1.0,-1.0,1.0,-1.0,0.91527545,-0.7594975,0.98217154
115,-1.0,1.0,1.0,1.0,1.0,-1.0,-0.9329461,-0.4083229,1.0,1.0,1.0,-0.76736176,1.0,-1.0,1.0,-0.98021066,-1.0,-1.0,-1.0,1.0,-1.0,0.8348464,-1.0,1.0
116,-1.0,1.0,1.0,1.0,1.0,-1.0,-0.14539951,-0.519745,1.0,1.0,1.0,-0.870649,0.7433867,-1.0,1.0,-1.0,-0.20576593,-1.0,-1.0,1.0,-1.0,0.028233036,-1.0,0.89576995
117,-0.73878884,1.0,1.0,1.0,1.0,-1.0,0.065184176,0.46663365,1.0,0.6703937,1.0,-0.45636207,0.74121577,-1.0,1.0,-1.0,0.22420937,-1.0,-1.0,1.0,-1.0,0.66378754,-1.0,1.0
118,-1.0,1.0,1.0,1.0,1.0,-1.0,-0.34843653,0.12655428,1.0,1.0,1.0,-0.43504786,1.0,-1.0,1.0,-1.0,-0.74957585,-1.0,-1.0,1.0,-1.0,1.0,-1.0,1.0
119,-1.0,1.0,1.0,1.0,1.0,-1.0,-1.0,-0.14674279,1.0,0.7642782,1.0,-0.80857134,1.0,-1.0,1.0,-1.0,-1.0,-1.0,-1.0,1.0,-1.0,1.0,-1.0,1.0
120,-1.0,1.0,1.0,1.0,0.11888307,-1.0,-0.92102456,-0.54809904,1.0,0.47672206,1.0,-0.16991478,1.0,-1.0,1.0,-1.0,-1.0,-1.0,-1.0,1.0,-1.0,1.0,-1.0,1.0
121,-1.0,1.0,1.0,1.0,1.0,-1.0,-1.0,-0.210372,1.0,-0.7841986,1.0,-0.5780797,1.0,-1.0,1.0,-0.5107027,-1.0,-1.0,-1.0,1.0,-1.0,1.0,-1.0,1.0
122,-1.0,0.9743305,1.0,1.0,1.0,-1.0,-0.67061996,-0.65907013,1.0,-0.8358967,1.0,-0.6550773,0.965393,-1.0,1.0,-0.4729384,-0.34564874,-1.0,-1.0,1.0,-1.0,1.0,-1.0,1.0
123,-1.0,1.0,1.0,1.0,0.52867985,-1.0,-0.21519932,-0.4806789,0.12229946,0.036105335,1.0,-0.5081706,1.0,-1.0,1.0,-0.054718703,-0.023195118,-1.0,-1.0,1.0,-1.0,1.0,-1.0,1.0
124,-1.0,1.0,1.0,1.0,0.067861736,-0.8566711,-0.3160251,-0.44152984,0.54819584,-0.7133021,0.56445736,-0.14712536,1.0,-1.0,1.0,-0.123043746,-0.6907592,-1.0,-1.0,1.0,-1.0,0.6606271,-1.0,1.0
125,-1.0,1.0,1.0,1.0,-1.0,-0.74619186,0.11742726,-0.20572427,-0.31539604,-0.6229052,0.23454104,0.64722824,1.0,-1.0,1.0,-1.0,0.008676589,-1.0,-1.0,1.0,-1.0,1.0,-1.0,1.0
126,-1.0,1.0,0.22814254,1.0,-1.0,-1.0,-0.14939442,-0.7122779,0.17873314,0.5447445,0.9085453,-0.006665528,1.0,-1.0,1.0,-1.0,-1.0,-1.0,-1.0,1.0,-1.0,0.92151093,-1.0,1.0
127,-1.0,1.0,0.39792424,1.0,-1.0,-0.16722691,0.12709829,0.12586954,0.473644,0.7629147,0.5789781,0.9579084,1.0,-1.0,1.0,-1.0,-1.0,-1.0,-1.0,1.0,-1.0,0.9754119,-0.7269811,1.0
128,-1.0,1.0,1.0,1.0,-0.7431259,0.7234493,0.36610308,-0.4837161,0.7110925,-0.017517865,0.24241854,0.7630942,1.0,-1.0,1.0,-1.0,-1.0,-1.0,-1.0,1.0,-1.0,1.0,-0.3237322,1.0
129,-1.0,1.0,0.9730608,1.0,-0.9107123,1.0,-0.027254477,0.25337997,0.121673256,0.52862895,-0.23306118,0.81244373,1.0,-0.58317053,1.0,-1.0,-1.0,-1.0,-1.0,1.0,-1.0,1.0,-0.6361332,1.0
130,-1.0,1.0,0.2110361,1.0,-1.0,1.0,0.5807015,0.082071096,0.3060961,0.26051736,0.6710264,1.0,1.0,-1.0,1.0,-1.0,-0.7445018,-1.0,-1.0,1.0,-1.0,1.0,-0.11928302,1.0
131,-1.0,1.0,0.45578754,0.8629561,-0.7061527,1.0,0.5633129,0.5696038,-0.2798135,1.0,-0.37802756,1.0,1.0,-0.8025287,1.0,-1.0,-0.8283255,-0.94713855,-1.0,1.0,-1.0,1.0,-0.55673695,1.0
132,-1.0,1.0,-0.020650879,1.0,-1.0,0.11587778,0.61235285,1.0,-0.016754895,0.11374414,0.4672581,1.0,1.0,-1.0,1.0,-1.0,-0.5624945,-1.0,-1.0,1.0,-1.0,1.0,-0.70893633,1.0
133,-1.0,1.0,-0.029693857,1.0,-1.0,0.12621504,0.5563754,0.14055553,-0.8104626,-0.10517776,-0.005697772,0.6817732,1.0,-1.0,1.0,-1.0,-1.0,-1.0,-1.0,1.0,-1.0,1.0,-1.0,1.0
134,-1.0,0.6332314,-1.0,1.0,-1.0,-0.5329474,0.5349989,-0.6486554,-1.0,-0.9105503,-0.3024639,0.18716174,1.0,-1.0,1.0,-1.0,-1.0,-1.0,-1.0,1.0,-1.0,1.0,-1.0,1.0
135,-1.0,1.0,-1.0,1.0,-0.9660947,-1.0,0.39332625,0.26099184,-1.0,-0.41082156,-0.6794567,-0.09057164,1.0,-1.0,1.0,-1.0,-1.0,-1.0,-0.76810336,1.0,-0.023033977,1.0,-1.0,1.0
136,-1.0,0.62638956,-0.7343871,1.0,-1.0,-0.52475905,0.8117807,0.5379478,-1.0,-0.2216956,-0.60342604,1.0,1.0,-1.0,1.0,-1.0,-0.4520178,-1.0,-1.0,1.0,-1.0,1.0,-1.0,1.0
137,-1.0,1.0,0.46611875,1.0,-1.0,-0.9141768,0.74726725,1.0,0.33736476,0.48459947,-0.29245055,1.0,1.0,-1.0,1.0,-1.0,-0.38469002,-1.0,-1.0,1.0,-1.0,1.0,-1.0,1.0
138,-1.0,1.0,1.0,1.0,-1.0,-0.11883271,0.4075041,-0.122945815,-0.5605447,-0.06354052,-0.3723474,1.0,1.0,-1.0,1.0,-1.0,-0.87830377,-1.0,-1.0,1.0,-1.0,1.0,-0.7724849,1.0
139,-1.0,1.0,-0.3969131,1.0,-1.0,0.055836763,1.0,1.0,-1.0,0.79251045,-0.7737003,1.0,1.0,-0.53324324,1.0,-1.0,0.39077,-1.0,-1.0,1.0,-0.29992622,1.0,-1.0,1.0
140,-1.0,1.0,1.0,1.0,-1.0,0.22037017,-0.6340126,0.038874775,1.0,1.0,-0.28327435,0.91900444,1.0,-0.5697251,1.0,-1.0,-0.19968948,-1.0,-1.0,0.22332227,-1.0,1.0,-0.43007183,1.0
141,-1.0,1.0,1.0,1.0,-1.0,0.24477464,-0.11222187,0.11997464,0.26321974,0.11438665,-0.18274741,1.0,1.0,-1.0,1.0,-1.0,-1.0,-1.0,-1.0,1.0,-1.0,1.0,-0.39356303,1.0
142,-1.0,1.0,0.2229567,1.0,-0.47493678,0.73114455,1.0,1.0,-1.0,1.0,-0.77393395,1.0,1.0,-0.992029,1.0,-1.0,0.100284964,-1.0,-0.7978984,1.0,-0.36601126,1.0,-0.8660695,1.0
143,-1.0,1.0,-1.0,1.0,-0.78876764,0.016870137,1.0,1.0,-1.0,1.0,-1.0,1.0,1.0,-0.23822251,1.0,-1.0,1.0,-1.0,-1.0,-0.11870182,-0.85660225,1.0,-0.97611606,1.0
144,-1.0,1.0,-0.10520686,1.0,-0.33686513,-0.31992924,1.0,1.0,0.07924184,1.0,0.13570131,1.0,1.0,0.3855259,1.0,-1.0,0.8550482,-1.0,-1.0,-0.67214584,-0.45367932,1.0,-0.6805165,1.0
145,-1.0,1.0,0.120465145,0.90981156,-0.8541604,-0.7409001,1.0,1.0,0.7621069,1.0,0.19339396,1.0,1.0,1.0,1.0,-1.0,0.84086657,-1.0,-0.99054193,-0.23697722,-0.29099685,1.0,-0.69582087,1.0
146,0.81245494,1.0,0.11516152,0.055099323,-0.19858992,0.35325646,1.0,1.0,0.13170037,0.7835956,-1.0,1.0,1.0,1.0,1.0,-1.0,-0.55963147,-1.0,-0.042950958,-0.18202412,-0.13131931,1.0,-0.73324436,1.0
147,1.0,1.0,-1.0,1.0,1.0,-0.18657815,1.0,1.0,1.0,1.0,-1.0,1.0,1.0,1.0,1.0,-1.0,-0.8015063,-1.0,0.6248733,1.0,0.31339562,1.0,-1.0,1.0
148,1.0,1.0,-1.0,1.0,-0.34719944,1.0,-0.9281424,1.0,1.0,1.0,-0.3133933,1.0,1.0,1.0,1.0,-1.0,-1.0,-0.73355305,0.57602096,0.76733625,0.40111977,1.0,-1.0,0.8988139
149,0.95477057,1.0,-1.0,1.0,0.7975059,1.0,-1.0,1.0,1.0,1.0,0.93632174,1.0,1.0,1.0,0.58779657,-0.9491863,-1.0,-0.9647789,0.9135145,1.0,0.33062702,1.0,-1.0,0.22195679
150,0.6424978,1.0,-1.0,1.0,1.0,0.59357405,-1.0,1.0,1.0,1.0,0.16256396,1.0,1.0,1.0,1.0,-0.6810025,-1.0,-0.8175051,1.0,1.0,0.5018624,1.0,-1.0,1.0
151,1.0,1.0,-1.0,1.0,1.0,-0.7549624,-1.0,1.0,1.0,1.0,-1.0,1.0,1.0,1.0,1.0,-1.0,-1.0,-1.0,1.0,0.16649437,0.9033027,1.0,-1.0,1.0
152,1.0,1.0,-1.0,1.0,1.0,-1.0,-0.9231721,1.0,1.0,0.9097437,-1.0,1.0,1.0,1.0,1.0,-0.58597875,-1.0,-1.0,0.7240329,0.48676598,1.0,1.0,-1.0,1.0
153,1.0,1.0,-0.22951014,1.0,1.0,-1.0,-1.0,1.0,1.0,0.84117407,-1.0,1.0,1.0,1.0,1.0,-0.98254156,-0.9673884,-1.0,0.47340974,1.0,1.0,1.0,-1.0,1.0
154,1.0,1.0,1.0,1.0,1.0,-1.0,-1.0,1.0,1.0,0.66524667,-0.6667164,1.0,1.0,0.6093264,1.0,-0.45149317,-1.0,-1.0,-0.7930838,1.0,1.0,1.0,-1.0,1.0
155,0.8900734,1.0,1.0,1.0,1.0,-1.0,-1.0,1.0,1.0,0.79286045,-0.57032543,0.37144947,1.0,-0.11946496,1.0,-0.37898222,-0.7870791,-1.0,-1.0,1.0,1.0,1.0,-1.0,1.0
156,0.76890135,1.0,1.0,1.0,1.0,-1.0,-1.0,1.0,1.0,0.79393727,-1.0,0.21999538,1.0,-0.17599335,1.0,0.027667552,0.024170548,-1.0,-1.0,-0.115211375,1.0,1.0,-1.0,1.0
157,0.3302782,1.0,1.0,1.0,1.0,-1.0,-1.0,1.0,1.0,1.0,-1.0,1.0,1.0,-0.45770976,1.0,0.9066464,0.10988131,-1.0,-1.0,-0.0011242703,1.0,1.0,-1.0,1.0
158,-0.50445616,1.0,1.0,1.0,1.0,-0.8720727,-1.0,1.0,1.0,0.6815484,-1.0,1.0,1.0,-0.13878527,1.0,0.17991462,0.8977518,-1.0,-1.0,-0.5635654,1.0,1.0,-1.0,1.0
159,0.8546629,1.0,1.0,1.0,1.0,-1.0,-1.0,1.0,1.0,0.53328365,-1.0,1.0,1.0,-0.85589236,1.0,-0.25499776,1.0,-1.0,-1.0,-1.0,1.0,1.0,-1.0,1.0
160,0.86438274,1.0,0.7018711,1.0,1.0,-1.0,-0.74183136,1.0,1.0,0.16236871,-1.0,1.0,1.0,-0.39864925,1.0,-0.79252994,0.2413052,-1.0,-1.0,-1.0,1.0,1.0,-1.0,1.0
161,0.8023752,1.0,-0.108722106,1.0,1.0,-1.0,-1.0,1.0,1.0,0.7539944,-1.0,1.0,1.0,-0.36236265,1.0,-1.0,0.48589155,-1.0,-1.0,-1.0,1.0,1.0,-1.0,1.0
162,1.0,1.0,-0.2443821,1.0,1.0,-1.0,-1.0,1.0,1.0,0.47355884,-1.0,0.92841387,1.0,-0.2233539,1.0,-1.0,0.37660787,-1.0,-1.0,-1.0,1.0,1.0,-1.0,1.0
163,0.62195504,1.0,0.3991589,1.0,1.0,-1.0,-1.0,1.0,1.0,1.0,-1.0,0.97025204,1.0,-0.45577154,1.0,-1.0,0.18006209,-1.0,-0.5277225,-0.81789994,1.0,1.0,-1.0,1.0
164,0.536883,1.0,0.86280894,1.0,1.0,-1.0,-1.0,1.0,1.0,1.0,-1.0,0.3268031,1.0,-1.0,1.0,-0.5916641,0.14978269,-1.0,-1.0,-0.59569407,1.0,1.0,-1.0,1.0
165,-0.071713895,1.0,0.21114157,1.0,1.0,-1.0,-1.0,0.6518868,1.0,1.0,-1.0,0.36403614,1.0,-0.8414209,1.0,-0.9844997,-0.62532675,-1.0,-1.0,0.36283416,1.0,1.0,-1.0,1.0
166,1.0,1.0,0.4525702,1.0,1.0,-1.0,-0.9740883,0.7034155,1.0,0.5125912,-1.0,0.17567974,1.0,-1.0,1.0,-1.0,-0.29736558,-1.0,-1.0,1.0,0.6087822,1.0,-1.0,1.0
167,0.95937943,1.0,-0.5293113,1.0,1.0,-1.0,-1.0,0.29364726,1.0,-0.8025356,-1.0,0.64708614,1.0,-1.0,1.0,-0.8389857,-1.0,-1.0,-0.7703359,1.0,1.0,1.0,-1.0,1.0
168,1.0,1.0,-0.7246142,1.0,1.0,-1.0,-0.7900442,0.318678,0.08465728,-0.3862785,-0.47297835,-0.09722364,1.0,-1.0,1.0,-0.30760893,-1.0,-1.0,-0.6355525,1.0,1.0,1.0,-1.0,1.0
169,0.9658632,1.0,-1.0,1.0,1.0,-1.0,-0.32449088,0.7127906,0.36153188,-0.4082998,-0.73631805,-0.39026585,1.0,-1.0,1.0,1.0,-0.668761,-1.0,-0.11438528,1.0,0.88898987,1.0,-1.0,1.0
170,-1.0,1.0,-1.0,1.0,1.0,-1.0,0.16421318,-1.0,-1.0,-1.0,-1.0,-1.0,1.0,-0.67681634,1.0,0.9602747,1.0,-1.0,-0.17086181,0.93606055,1.0,1.0,-1.0,1.0
171,-0.05078718,1.0,-1.0,1.0,1.0,-1.0,-0.340902,0.814518,-0.88821244,-0.36200178,-1.0,-0.66635144,1.0,-1.0,1.0,1.0,0.009484082,-1.0,1.0,0.14309645,1.0,1.0,-1.0,1.0
172,-0.9949881,1.0,-1.0,1.0,1.0,-1.0,-0.48643768,0.67802703,-0.16449049,-0.86910504,-1.0,-1.0,1.0,-0.7678895,1.0,1.0,0.4516485,-1.0,0.837428,0.100633256,1.0,1.0,-1.0,1.0
173,-1.0,1.0,-0.7756887,1.0,1.0,-1.0,-0.9072151,-0.022049814,-0.52700853,-1.0,-0.362159,-1.0,1.0,-0.8051821,1.0,1.0,0.010376364,-1.0,1.0,0.5206428,1.0,1.0,-1.0,1.0
174,-1.0,1.0,-0.7611038,1.0,1.0,-1.0,-0.30772418,0.26753607,0.21781173,-0.39109272,-0.311414,-1.0,1.0,-0.9985216,1.0,1.0,-0.043126076,-1.0,1.0,0.5122903,1.0,1.0,-1.0,1.0
175,-0.8023523,1.0,-0.9880226,1.0,1.0,-1.0,0.7467444,1.0,0.62028086,0.3028813,-1.0,-0.5533975,1.0,-1.0,1.0,0.85333014,0.0052765906,-1.0,1.0,-0.3855008,1.0,1.0,-1.0,1.0
176,-0.89234376,1.0,-0.92256457,1.0,1.0,-1.0,-1.0,-0.23908326,0.94308937,-0.47460717,-1.0,0.74365926,1.0,-1.0,1.0,1.0,0.71566314,-1.0,0.72213984,-1.0,1.0,1.0,-1.0,1.0
177,-0.506209,1.0,-0.7714667,1.0,1.0,-1.0,-1.0,1.0,0.25570208,-0.71946794,-1.0,0.08608061,1.0,-1.0,1.0,0.9514812,0.79622173,-1.0,0.928604,-1.0,1.0,1.0,-1.0,1.0
178,-0.85172164,1.0,-1.0,1.0,1.0,-1.0,0.20420545,0.8142718,0.6750723,-0.28584045,-1.0,-0.13764238,1.0,-1.0,1.0,1.0,0.1736413,-1.0,1.0,-0.8490801,1.0,1.0,-1.0,1.0
179,-0.47291395,1.0,-1.0,1.0,1.0,-1.0,-1.0,-0.8203573,0.04773134,-1.0,-0.7391306,0.6549015,1.0,-1.0,1.0,1.0,0.5893458,-1.0,0.9379144,-1.0,1.0,1.0,-1.0,1.0
180,-0.98011565,1.0,-1.0,1.0,1.0,-1.0,-0.13995072,0.4599658,-0.22765878,-0.5840141,-1.0,-0.32145077,1.0,-1.0,1.0,1.0,-0.075663716,-1.0,1.0,-1.0,1.0,1.0,-1.0,1.0
181,-0.1418288,1.0,-1.0,1.0,1.0,-1.0,-0.7504442,-0.11646888,-0.022994012,-1.0,-1.0,1.0,1.0,-1.0,1.0,1.0,-0.31090274,-1.0,1.0,-1.0,1.0,1.0,-1.0,1.0
182,-0.18401751,1.0,-1.0,1.0,1.0,-1.0,-0.26619378,0.107399076,0.16469005,-1.0,-1.0,1.0,1.0,-1.0,1.0,1.0,0.23403183,-1.0,1.0,-1.0,1.0,1.0,-1.0,1.0
183,0.68223286,1.0,-1.0,1.0,1.0,-1.0,-0.65951693,-0.18604878,-0.3176001,-1.0,0.050777122,1.0,1.0,-1.0,1.0,1.0,-0.62571394,-1.0,1.0,-1.0,1.0,1.0,-1.0,1.0
184,0.5069901,1.0,-1.0,1.0,1.0,-1.0,-1.0,-0.6665635,-0.41485032,-1.0,0.6175759,1.0,1.0,-1.0,1.0,1.0,-1.0,-1.0,1.0,-1.0,1.0,1.0,-1.0,1.0
185,1.0,1.0,-1.0,1.0,1.0,-1.0,-0.74591017,-0.6556808,-1.0,-1.0,-0.20239018,1.0,1.0,-1.0,1.0,1.0,-1.0,-1.0,1.0,-1.0,1.0,1.0,-1.0,1.0
186,0.60806286,1.0,-1.0,1.0,1.0,-1.0,0.001504451,-0.49785164,-0.7277657,-1.0,-0.06213753,1.0,1.0,-1.0,1.0,1.0,-1.0,-1.0,1.0,-1.0,1.0,1.0,-1.0,1.0
187,0.30994907,1.0,-1.0,1.0,1.0,-1.0,-0.07060471,-0.3072568,-1.0,-1.0,0.0840372,1.0,1.0,-1.0,1.0,1.0,-1.0,-1.0,1.0,-1.0,0.81791764,1.0,-1.0,1.0
188,-0.24145326,1.0,-1.0,1.0,0.91786706,-1.0,0.4219587,-0.26663336,-1.0,-1.0,0.1708221,1.0,1.0,-1.0,1.0,1.0,-1.0,-1.0,1.0,-1.0,0.62341577,1.0,-1.0,1.0
189,-0.040231645,1.0,-1.0,1.0,0.59123844,-1.0,0.082296014,0.0912396,-1.0,-1.0,0.83955586,1.0,1.0,-1.0,0.2892054,1.0,-0.99066377,-1.0,0.9377456,-1.0,1.0,1.0,-1.0,1.0
190,-0.6726022,1.0,-1.0,1.0,0.32329124,-1.0,-0.9905305,-0.7299112,-1.0,-1.0,1.0,1.0,1.0,-0.4515008,-0.36246577,1.0,-1.0,-1.0,0.44721943,-1.0,1.0,1.0,-1.0,0.3235591
191,-0.7136934,1.0,-1.0,1.0,-0.82157403,-1.0,-1.0,-0.59355867,-1.0,-1.0,1.0,1.0,1.0,-0.2980782,-0.2237759,0.9231067,-1.0,-1.0,-0.18595913,-1.0,1.0,1.0,-1.0,0.04442478
192,-0.5349448,1.0,-1.0,1.0,-0.31130743,-1.0,0.7018571,0.3694312,-1.0,-1.0,0.78711885,-0.04366097,1.0,0.6571757,1.0,0.15932018,-0.62766373,-1.0,0.58823514,-1.0,1.0,1.0,-1.0,1.0
193,-0.4437305,1.0,-1.0,1.0,0.9422357,-1.0,-0.36949512,-0.11164048,-1.0,-1.0,-0.20118012,-1.0,1.0,0.36698082,0.32524213,1.0,-0.58702385,-1.0,0.38973686,-1.0,1.0,1.0,-1.0,1.0
194,-0.6505562,1.0,-1.0,1.0,0.13158157,-1.0,-0.45202872,-0.037588388,-1.0,-1.0,1.0,-1.0,1.0,1.0,0.71328497,0.61037564,-1.0,-1.0,0.33989224,-1.0,1.0,1.0,-1.0,1.0
195,-0.71046454,1.0,-1.0,1.0,-0.18797535,-1.0,-0.9368347,-0.3400955,-1.0,-1.0,0.5012313,-1.0,1.0,1.0,0.07326391,0.20811847,-0.9619783,-1.0,0.71000344,-1.0,1.0,1.0,-1.0,0.5288156
196,-0.3767275,1.0,-1.0,1.0,-0.20871836,-1.0,0.39668307,-0.5605254,-1.0,-1.0,-0.029384896,-0.8334421,1.0,1.0,-0.73864985,-0.021220237,-0.36849353,-1.0,0.15289822,-1.0,1.0,1.0,-1.0,0.64735955
197,-0.7436584,1.0,-1.0,1.0,-0.89067006,-1.0,-0.5483005,-1.0,-1.0,-1.0,1.0,-0.46850035,1.0,1.0,-1.0,0.8282143,0.37308916,-1.0,0.28669998,-1.0,1.0,1.0,-1.0,0.10011441
198,-1.0,1.0,-1.0,1.0,-0.27694702,-1.0,-1.0,-1.0,-1.0,-1.0,1.0,-0.47923672,1.0,1.0,-1.0,0.26798394,0.113016635,-1.0,0.30742905,-1.0,1.0,0.5866092,-1.0,0.29208648
199,-1.0,1.0,-1.0,1.0,-0.77957064,-0.48051697,-1.0,-0.62593806,-1.0,-0.03595352,1.0,0.18029153,1.0,1.0,-1.0,-0.74774134,-0.18478355,-1.0,0.5463172,-0.6106222,1.0,1.0,-1.0,0.25466287
200,-0.40768358,1.0,-1.0,1.0,-0.38340002,-0.61414796,-0.9447751,0.30485055,-1.0,-0.20850086,1.0,0.8708925,1.0,1.0,-1.0,-1.0,-0.6913457,-1.0,0.8816534,-0.4717649,1.0,1.0,-1.0,0.6497865
201,-0.51617575,1.0,-1.0,1.0,0.4507208,-0.4366452,-0.7073399,-0.13685307,-1.0,0.62620866,1.0,1.0,1.0,1.0,-0.96912265,-0.8895016,-0.52877474,-1.0,1.0,-0.30155954,0.87882566,1.0,-1.0,0.4861312
202,-0.97837675,1.0,-1.0,1.0,0.50776577,-1.0,-1.0,0.3447617,-0.99816453,1.0,1.0,1.0,1.0,1.0,-1.0,-0.8368045,-0.22037116,-1.0,1.0,-1.0,1.0,1.0,-1.0,0.108684905
203,-1.0,1.0,-1.0,1.0,0.3954723,-1.0,-1.0,0.23044932,-1.0,1.0,1.0,1.0,1.0,1.0,-1.0,-0.4575909,0.033195168,-1.0,0.79606247,-1.0,1.0,1.0,-1.0,-0.07674234
204,-1.0,1.0,-1.0,1.0,-0.26302576,-0.5869427,-1.0,0.39531136,-1.0,1.0,1.0,0.6110623,1.0,1.0,-1.0,-0.6287644,0.34261683,-1.0,0.31596184,-1.0,1.0,1.0,-1.0,0.17970401
205,-1.0,1.0,-1.0,1.0,-0.90112394,-0.1463725,-1.0,0.6020721,-1.0,0.28736302,1.0,-0.6468893,1.0,1.0,-1.0,-0.20747614,0.5118768,-1.0,-0.5172416,-1.0,1.0,1.0,-1.0,0.4278844
206,-1.0,1.0,-1.0,1.0,-1.0,1.0,-1.0,0.098834544,-1.0,0.9031921,1.0,-1.0,1.0,1.0,-1.0,-0.27086043,-0.2846512,-1.0,-0.22107896,-1.0,1.0,1.0,-1.0,-0.3815533
207,-1.0,1.0,-1.0,1.0,-1.0,1.0,-1.0,0.14073247,-1.0,0.8926983,1.0,-1.0,1.0,1.0,-0.8883724,-0.20117654,-1.0,-1.0,0.02449897,-1.0,1.0,1.0,-1.0,-0.73843634
208,-1.0,1.0,-1.0,1.0,-1.0,1.0,-1.0,0.098201305,-1.0,1.0,1.0,-0.17746231,1.0,1.0,-0.82939005,-0.3297071,-1.0,-1.0,0.14010164,-1.0,1.0,1.0,-1.0,-0.7160584
209,-1.0,1.0,-1.0,1.0,-1.0,1.0,-1.0,0.30674276,-1.0,1.0,1.0,0.18207902,1.0,1.0,-1.0,-0.7334187,-1.0,-1.0,0.08060971,-1.0,1.0,1.0,-1.0,-0.83549
210,-1.0,1.0,-1.0,1.0,-1.0,1.0,-1.0,0.40798554,-1.0,1.0,1.0,0.12079871,1.0,1.0,-1.0,-0.50975335,-1.0,-1.0,0.41388097,-1.0,1.0,1.0,-1.0,-0.90613514
211,-1.0,1.0,-1.0,1.0,-1.0,1.0,-1.0,0.30908868,-1.0,1.0,1.0,-0.26148868,1.0,1.0,-1.0,-0.40559107,-1.0,-1.0,-0.01265946,-1.0,1.0,1.0,-1.0,-0.8912058
212,-1.0,1.0,-1.0,1.0,-1.0,1.0,-1.0,-0.5558063,-1.0,0.5154619,1.0,-0.6451453,1.0,1.0,-1.0,0.0060857534,-0.592072,-1.0,-0.2891948,-1.0,1.0,1.0,-1.0,-0.3955751
213,-1.0,1.0,-1.0,1.0,-1.0,1.0,-1.0,0.34743702,-1.0,-0.33940387,1.0,0.4034313,1.0,1.0,-1.0,-0.34168428,0.24349633,-1.0,0.052304953,-1.0,1.0,0.5142653,-1.0,-1.0
214,-1.0,1.0,-1.0,1.0,-1.0,1.0,-1.0,-0.8976705,-1.0,-0.4269176,1.0,-1.0,1.0,1.0,-1.0,0.07173492,0.45743266,-1.0,-0.4347997,-1.0,1.0,-0.30193108,-1.0,-1.0
215,-1.0,1.0,-1.0,1.0,-1.0,1.0,-1.0,-1.0,-1.0,0.5063664,1.0,-1.0,1.0,1.0,-0.9418931,-0.7533555,-0.0024028718,-1.0,0.3889579,-1.0,1.0,-0.40690577,-1.0,-0.92485845
216,-1.0,1.0,-1.0,1.0,-1.0,1.0,-1.0,-1.0,-1.0,0.20454878,1.0,-1.0,1.0,1.0,-1.0,-1.0,0.36367312,-1.0,0.52993155,-1.0,1.0,0.45930302,-1.0,-1.0
217,-1.0,1.0,-1.0,1.0,-1.0,1.0,-1.0,-0.7980064,-1.0,1.0,1.0,-0.94128364,1.0,1.0,-1.0,-0.9878266,0.5935248,-1.0,0.4384397,-1.0,1.0,0.78197074,-1.0,-1.0
218,-1.0,1.0,-1.0,1.0,-1.0,1.0,-1.0,-1.0,-1.0,1.0,1.0,-0.89274657,1.0,1.0,-1.0,-1.0,0.9799191,-1.0,0.19839635,-1.0,1.0,0.8158399,-1.0,-1.0
219,-1.0,1.0,-1.0,1.0,-1.0,1.0,-1.0,-1.0,-1.0,1.0,1.0,-1.0,1.0,1.0,-1.0,-0.07935825,0.0077219903,-1.0,0.44766867,-1.0,1.0,0.6053184,-1.0,-1.0
220,-1.0,1.0,-1.0,1.0,-1.0,1.0,-1.0,-0.5695987,-1.0,0.9082263,1.0,-0.91238505,1.0,1.0,-1.0,-1.0,-0.28419414,-1.0,0.45723015,-1.0,1.0,1.0,-1.0,-1.0
221,-1.0,1.0,-1.0,1.0,-1.0,1.0,-1.0,-1.0,-1.0,0.23999116,1.0,-1.0,1.0,1.0,-1.0,-0.46778107,-1.0,-0.6621741,0.75179034,-1.0,1.0,1.0,-1.0,-1.0
222,-1.0,1.0,-1.0,1.0,-1.0,1.0,-0.33306685,-0.37455484,-1.0,0.8311889,1.0,-1.0,1.0,1.0,-1.0,-1.0,-1.0,-0.42043415,0.8567097,-1.0,1.0,1.0,-1.0,-1.0
223,-1.0,1.0,-1.0,0.8306628,-1.0,1.0,-1.0,-1.0,-1.0,0.31580162,1.0,-1.0,1.0,1.0,-1.0,-0.39417568,-1.0,0.16102657,0.9789741,-1.0,1.0,1.0,-1.0,-1.0
224,-1.0,1.0,-1.0,1.0,-1.0,1.0,-1.0,-1.0,-1.0,0.96069115,1.0,-1.0,1.0,1.0,-1.0,-0.47912735,-1.0,-0.43380862,1.0,-1.0,1.0,1.0,-1.0,-1.0
225,-0.826414,1.0,-1.0,0.7983057,-1.0,1.0,-1.0,-0.98366976,-1.0,0.8253769,1.0,-1.0,1.0,1.0,-1.0,-0.7526748,-1.0,0.6510025,1.0,-1.0,1.0,1.0,-1.0,-1.0
226,-1.0,1.0,-1.0,0.7631859,-0.87673193,1.0,-1.0,-1.0,-1.0,0.512392,1.0,-1.0,1.0,1.0,-1.0,-0.5204978,-1.0,1.0,0.958421,-1.0,1.0,1.0,-1.0,-1.0
227,-1.0,1.0,-1.0,0.76221985,-1.0,1.0,-1.0,-1.0,-1.0,0.4186474,1.0,-1.0,1.0,1.0,-1.0,-0.3532203,-1.0,1.0,0.8328304,-1.0,1.0,1.0,-1.0,-1.0
228,-1.0,1.0,-1.0,0.7266596,-0.78533477,1.0,-1.0,-1.0,-1.0,-0.20009583,1.0,-1.0,1.0,1.0,-1.0,-0.29121673,-1.0,1.0,0.8389547,-1.0,1.0,1.0,-1.0,-1.0
229,-1.0,1.0,-1.0,1.0,-0.5549367,1.0,-1.0,-1.0,-1.0,0.2856542,1.0,-1.0,1.0,1.0,-1.0,0.29192588,-1.0,1.0,1.0,-1.0,1.0,1.0,-1.0,-1.0
230,-1.0,1.0,-0.87880796,1.0,-0.0021011233,1.0,-1.0,-1.0,-1.0,0.9833217,1.0,-1.0,0.50104237,1.0,-1.0,-0.04068838,-1.0,1.0,1.0,-1.0,1.0,1.0,-1.0,-1.0
231,-0.76396203,1.0,-1.0,0.98424715,-1.0,0.78409743,-1.0,-1.0,-1.0,1.0,1.0,-1.0,0.58271253,1.0,-1.0,-0.61845547,-1.0,1.0,1.0,-1.0,1.0,1.0,-1.0,-1.0
232,-1.0,1.0,-1.0,1.0,-0.6143686,1.0,-1.0,-1.0,-1.0,1.0,1.0,-1.0,1.0,1.0,-1.0,-0.69618964,-1.0,1.0,1.0,-1.0,1.0,1.0,-1.0,-1.0
233,-1.0,1.0,-1.0,1.0,-0.088092506,0.55089724,-1.0,-1.0,-1.0,0.989358,1.0,-1.0,1.0,1.0,-1.0,-0.38000658,-1.0,1.0,1.0,-1.0,1.0,1.0,-1.0,-0.9826666
234,-1.0,1.0,-0.5249477,0.6154168,0.06721288,0.0741483,-1.0,-1.0,-0.7814971,1.0,1.0,-1.0,1.0,1.0,-1.0,-0.40610513,-1.0,1.0,1.0,-0.99702847,1.0,1.0,-1.0,-0.5807722
235,-1.0,1.0,-0.90297204,1.0,-0.33470505,0.7813287,-1.0,-1.0,-0.40740606,1.0,1.0,-1.0,1.0,1.0,-1.0,-1.0,-1.0,1.0,1.0,-1.0,1.0,1.0,-1.0,0.36193085
236,-1.0,0.94373894,-1.0,1.0,0.080872595,1.0,-1.0,-1.0,-1.0,0.54103714,1.0,-1.0,1.0,1.0,-1.0,-1.0,-1.0,1.0,1.0,-1.0,1.0,1.0,-1.0,-0.66055274
237,-1.0,0.97287095,-1.0,0.90863544,0.2166161,0.9961321,-1.0,-1.0,-0.6918777,0.5601667,1.0,-1.0,1.0,1.0,-1.0,-0.72283995,-1.0,1.0,1.0,-1.0,1.0,1.0,-1.0,-0.55252016
238,-1.0,0.79787505,-1.0,0.5301752,0.22979409,0.9459605,-1.0,-1.0,-0.66821694,0.4167078,1.0,-1.0,1.0,1.0,-1.0,-0.81048715,-1.0,1.0,1.0,-1.0,1.0,1.0,-1.0,-0.6572162
239,-1.0,1.0,-1.0,-1.0,0.094631374,0.465101,-1.0,-1.0,-0.8617637,1.0,1.0,-1.0,1.0,1.0,-1.0,-0.20028673,-1.0,1.0,1.0,-1.0,1.0,1.0,-0.65564823,-0.86405736
240,-1.0,0.6480886,-0.37772936,-1.0,-1.0,0.49840674,-1.0,-1.0,1.0,1.0,1.0,-1.0,-0.00082975626,1.0,-1.0,1.0,-1.0,1.0,1.0,0.41716766,1.0,1.0,-0.0026978254,-1.0
241,-1.0,0.50434405,-0.8757581,-1.0,-1.0,1.0,-1.0,-0.24114296,1.0,1.0,1.0,-1.0,0.66793615,1.0,-1.0,0.9080949,-1.0,1.0,1.0,0.8708352,1.0,1.0,1.0,-1.0
242,-1.0,0.5068493,-0.16767927,-1.0,-1.0,1.0,-1.0,-0.29751542,1.0,1.0,1.0,-1.0,0.47613025,1.0,-1.0,1.0,-1.0,1.0,1.0,0.9190304,1.0,1.0,1.0,-1.0
243,-1.0,0.54155445,0.13869207,-1.0,-1.0,1.0,-1.0,-0.27814278,1.0,1.0,1.0,-0.5653456,0.7709331,1.0,-1.0,1.0,-1.0,1.0,1.0,1.0,0.683892,1.0,1.0,-1.0
244,-1.0,0.6847898,-0.3788088,-1.0,-1.0,1.0,-1.0,-0.51756763,1.0,1.0,1.0,-1.0,-0.048202455,1.0,-1.0,1.0,-1.0,1.0,1.0,1.0,1.0,1.0,1.0,-0.88334745
245,-1.0,0.81760705,-0.29252768,-1.0,-1.0,1.0,-1.0,0.5163729,1.0,1.0,1.0,-0.7222744,0.24437514,1.0,-1.0,0.761305,-1.0,1.0,1.0,1.0,1.0,1.0,1.0,-1.0
246,-1.0,0.28992462,-0.5713681,-1.0,-1.0,1.0,-1.0,0.49501655,1.0,1.0,1.0,-0.558711,0.01686865,1.0,-1.0,0.96845925,-1.0,1.0,1.0,1.0,1.0,1.0,1.0,-1.0
247,-1.0,0.17311937,-0.43109864,-1.0,-1.0,1.0,-1.0,0.3394649,1.0,1.0,1.0,0.2255122,0.5131355,1.0,-1.0,1.0,-1.0,1.0,1.0,1.0,1.0,1.0,1.0,-1.0
248,-1.0,-0.60301274,-0.14554562,-1.0,-1.0,1.0,-1.0,0.49644923,1.0,1.0,1.0,1.0,0.117627084,1.0,-1.0,1.0,-1.0,1.0,1.0,1.0,1.0,1.0,1.0,-1.0
249,-1.0,-0.4175943,0.012630567,-1.0,-1.0,1.0,-1.0,0.92020464,1.0,1.0,1.0,1.0,-0.5697629,1.0,-1.0,0.47145173,-1.0,1.0,1.0,0.7380896,1.0,1.0,1.0,-1.0
250,-1.0,-0.77661914,-0.5859824,-1.0,-1.0,1.0,-1.0,1.0,1.0,1.0,1.0,1.0,0.71045274,1.0,-1.0,0.17391708,-1.0,1.0,1.0,0.027213596,1.0,1.0,1.0,-1.0
251,-1.0,1.0,0.038753495,-1.0,-1.0,1.0,-1.0,1.0,1.0,1.0,1.0,0.13560426,0.96645886,1.0,-1.0,-0.6809766,-1.0,1.0,1.0,0.644889,0.66493475,-0.571003,1.0,-1.0
252,-1.0,1.0,0.75762445,-1.0,-1.0,1.0,-1.0,1.0,0.8127043,1.0,1.0,-0.4104789,1.0,0.3671115,0.6301892,-1.0,0.92037463,1.0,1.0,1.0,-0.14624351,-1.0,1.0,1.0
253,-1.0,1.0,0.28184772,-1.0,-1.0,0.7480645,-1.0,1.0,-0.58451414,0.4166054,1.0,-0.8841301,1.0,-0.16400462,1.0,-1.0,0.1484268,0.96998024,1.0,1.0,0.72697693,-1.0,1.0,1.0
254,-1.0,1.0,0.17360608,-1.0,-1.0,1.0,-1.0,1.0,-1.0,0.86381835,-0.05125998,-1.0,1.0,-0.50670964,1.0,-1.0,0.47390226,0.37751785,1.0,1.0,0.5152021,-1.0,0.8153664,1.0
255,-1.0,1.0,-1.0,-1.0,-1.0,1.0,-0.7852217,1.0,-1.0,1.0,-1.0,-1.0,1.0,-0.4588489,1.0,-1.0,0.7431679,-0.45885524,1.0,1.0,0.11427146,-1.0,0.56770754,1.0
256,-1.0,1.0,-1.0,-1.0,-1.0,1.0,0.09919813,1.0,-1.0,1.0,-1.0,-1.0,1.0,0.013342705,1.0,-1.0,1.0,-1.0,-0.90138054,1.0,-0.64393353,-1.0,-1.0,1.0
257,-1.0,1.0,-1.0,-1.0,-1.0,1.0,1.0,1.0,-1.0,1.0,-1.0,-1.0,1.0,-0.76490784,1.0,-1.0,1.0,-1.0,-1.0,0.23641092,-1.0,-0.8455566,-1.0,1.0
258,-1.0,1.0,-1.0,-0.9266489,-1.0,1.0,0.7571113,1.0,-1.0,1.0,-1.0,-1.0,1.0,0.6958213,1.0,-1.0,1.0,-1.0,-0.41415122,0.8590777,-1.0,-1.0,-1.0,0.91880953
259,-1.0,1.0,-1.0,-0.20218559,-1.0,1.0,1.0,1.0,-1.0,1.0,-1.0,-1.0,1.0,1.0,1.0,-1.0,1.0,-1.0,-0.97143507,1.0,-1.0,-1.0,-1.0,1.0
260,-1.0,1.0,-1.0,0.14079128,-1.0,1.0,0.44996592,1.0,-1.0,1.0,-1.0,-1.0,1.0,1.0,1.0,-1.0,1.0,-1.0,-1.0,1.0,-1.0,-1.0,-1.0,1.0
261,-1.0,1.0,-1.0,0.52537453,-1.0,1.0,0.52644706,1.0,-1.0,1.0,-1.0,-1.0,1.0,1.0,1.0,-1.0,1.0,-1.0,-0.86381114,1.0,-1.0,-1.0,-1.0,1.0
262,-1.0,1.0,-1.0,1.0,-1.0,1.0,0.9731722,0.9077828,-1.0,1.0,-1.0,-1.0,1.0,1.0,1.0,-1.0,1.0,-1.0,-0.6321182,1.0,-0.6165228,0.5809832,-1.0,1.0
263,-1.0,1.0,-1.0,-0.14196603,-1.0,1.0,-0.60965264,1.0,-1.0,0.22345465,-1.0,-1.0,1.0,1.0,1.0,-1.0,1.0,-0.38421267,-1.0,-0.55176514,1.0,-0.52419597,-1.0,1.0
264,-1.0,1.0,-0.32162416,0.20249324,-1.0,1.0,-0.5689223,1.0,-1.0,1.0,-1.0,-1.0,1.0,1.0,1.0,-1.0,1.0,-1.0,-1.0,-0.010942705,0.8852969,-1.0,-1.0,1.0
265,-1.0,1.0,0.18699239,-0.33660108,-1.0,1.0,0.808517,1.0,-1.0,0.77556556,-1.0,-1.0,1.0,0.14627334,1.0,-1.0,1.0,-1.0,-0.38768074,-0.66197443,0.2516795,-1.0,-1.0,1.0
266,-1.0,1.0,-0.26925313,-1.0,-1.0,1.0,1.0,1.0,-1.0,1.0,-1.0,-1.0,1.0,0.5211808,1.0,-1.0,1.0,-1.0,-0.6620103,0.08557146,1.0,-1.0,-1.0,1.0
267,-1.0,1.0,-1.0,-1.0,-1.0,1.0,1.0,1.0,-1.0,1.0,-1.0,-1.0,1.0,1.0,1.0,-0.8007544,1.0,-1.0,0.07552767,-1.0,1.0,-1.0,-1.0,1.0
268,-1.0,1.0,0.24310939,-1.0,-1.0,1.0,1.0,1.0,-1.0,0.91184425,-1.0,-1.0,1.0,0.13537106,1.0,-0.21332422,1.0,-1.0,0.14897302,-1.0,0.5538576,-1.0,-1.0,1.0
269,-1.0,0.8353694,-1.0,-1.0,-1.0,1.0,1.0,1.0,-1.0,1.0,-1.0,-1.0,1.0,-0.4882423,1.0,-0.4257972,1.0,-1.0,-0.41118035,-1.0,1.0,-1.0,-1.0,0.6352259
270,-1.0,1.0,-0.90631396,-1.0,-1.0,1.0,0.39244488,1.0,-1.0,1.0,-1.0,-1.0,1.0,-0.11494616,1.0,-0.5592216,1.0,-1.0,-1.0,-1.0,0.37607014,-1.0,-1.0,1.0
271,-1.0,1.0,-1.0,-1.0,-1.0,1.0,-0.5264971,1.0,-1.0,1.0,-1.0,-1.0,1.0,0.57639945,1.0,-0.7521925,1.0,-1.0,-0.9044213,-1.0,0.0023255944,-1.0,-1.0,1.0
272,-1.0,1.0,-1.0,-1.0,-1.0,1.0,0.30934647,1.0,-1.0,1.0,-1.0,-0.6547964,1.0,-0.50608486,1.0,-1.0,1.0,-1.0,-0.79166174,-1.0,-0.77803904,-1.0,-1.0,0.9835348
273,-1.0,1.0,-1.0,-1.0,-1.0,1.0,0.42105094,1.0,-1.0,1.0,-1.0,-0.73701805,1.0,-0.7466695,1.0,-0.99673045,1.0,-1.0,-0.3059077,-1.0,0.04323435,-1.0,-1.0,0.45130026
274,-1.0,1.0,-1.0,-1.0,-1.0,1.0,-0.0707961,1.0,-1.0,1.0,-1.0,-0.3042982,1.0,-0.38571092,1.0,-1.0,1.0,-0.9537958,0.1695539,-1.0,-0.6309224,-1.0,-1.0,1.0
275,-1.0,1.0,-1.0,-1.0,-1.0,1.0,-0.27567086,1.0,-1.0,1.0,-1.0,-0.4780514,1.0,0.084878385,1.0,-1.0,1.0,-0.63655365,0.35542935,-1.0,-1.0,-1.0,-1.0,1.0
276,-1.0,1.0,-1.0,-1.0,-1.0,1.0,-0.3517215,1.0,-1.0,1.0,-1.0,-0.20770457,1.0,0.399421,1.0,-1.0,1.0,-0.9329295,-0.3566403,-1.0,-0.9873882,-1.0,-1.0,0.99651194
277,-1.0,1.0,-1.0,-1.0,-1.0,1.0,-0.313606,1.0,-1.0,1.0,-1.0,-0.19630352,1.0,0.042575207,1.0,-1.0,1.0,-1.0,-0.21755108,-1.0,-0.7989623,-1.0,-1.0,1.0
278,-1.0,1.0,-1.0,-1.0,-1.0,1.0,0.6212164,1.0,-1.0,1.0,-1.0,0.3105833,1.0,1.0,1.0,-1.0,1.0,0.914829,1.0,-1.0,-0.5203584,-1.0,-0.8821665,0.3430949
279,-0.6293755,0.51679844,-0.70801705,-1.0,-1.0,1.0,0.1978884,1.0,0.069927126,1.0,-1.0,0.68256116,1.0,1.0,-1.0,-0.37669507,1.0,1.0,0.995625,-1.0,0.50549227,-1.0,-0.4900555,-1.0
280,-0.6681001,1.0,1.0,-1.0,-1.0,1.0,0.44043246,1.0,1.0,1.0,-0.43321466,0.33703148,1.0,1.0,-1.0,-0.17409435,1.0,1.0,1.0,-1.0,0.27714664,-1.0,0.28473675,-1.0
281,-0.55359006,0.47283953,1.0,-1.0,-1.0,1.0,0.52251315,1.0,-0.31975386,1.0,-1.0,0.09078109,1.0,0.95561033,-1.0,0.3499811,1.0,1.0,1.0,-1.0,1.0,-0.329858,0.16995245,-0.6233628
282,-0.36734208,1.0,1.0,-1.0,-0.7892423,0.8569021,0.72994995,1.0,1.0,1.0,-0.6867223,0.23282355,1.0,0.79599124,-1.0,0.6940433,1.0,1.0,1.0,-1.0,1.0,-0.4508264,0.2722571,-0.16172075
283,-0.5607556,0.105133265,1.0,-1.0,-1.0,0.24401915,0.686828,1.0,0.8327645,1.0,0.70711243,-0.14616013,1.0,-0.0063866116,-0.8827623,0.6309389,1.0,1.0,1.0,-1.0,1.0,-1.0,0.71966565,0.26863235
284,-0.6732085,-0.46952182,1.0,-1.0,-1.0,0.28115237,0.5135455,1.0,0.5717045,1.0,0.5669521,0.31307185,1.0,-0.21588227,-0.38966516,0.16445088,1.0,1.0,1.0,-1.0,1.0,-0.90642333,1.0,0.4511604
285,-1.0,-0.42744172,1.0,-1.0,-1.0,0.8849453,-0.025136083,1.0,0.86706245,1.0,1.0,0.4763024,1.0,0.8356001,-0.22781125,0.45714012,1.0,1.0,1.0,-1.0,1.0,-0.20853074,1.0,0.15146653
286,-1.0,0.33053905,1.0,-1.0,-1.0,1.0,-0.29054698,1.0,1.0,1.0,1.0,-1.0,0.39072603,1.0,-0.36959103,0.8509569,1.0,1.0,1.0,-1.0,1.0,-1.0,1.0,0.19094612
287,-1.0,0.08426386,1.0,-1.0,-1.0,1.0,0.06241551,1.0,0.6231618,1.0,1.0,-1.0,0.3740115,-0.08882323,-0.04997155,0.3962722,1.0,1.0,1.0,-0.9544493,1.0,-0.5981393,1.0,-1.0
288,-0.8451943,-0.68528813,1.0,-1.0,-1.0,1.0,0.59359205,1.0,0.16015592,1.0,0.8225869,-1.0,0.44931972,-0.048174296,-0.22268704,0.56568897,1.0,1.0,1.0,-0.4473636,1.0,-0.53079313,1.0,0.11492846
289,-1.0,-1.0,1.0,-1.0,-1.0,1.0,0.4044979,1.0,-0.16671059,1.0,0.50655615,-1.0,1.0,-0.07707235,0.2669948,0.40136865,1.0,1.0,1.0,-0.37767673,1.0,-0.4179526,1.0,0.29584765
290,-1.0,-0.32450247,1.0,-1.0,-1.0,1.0,-0.8821789,1.0,-0.2483047,1.0,0.42627215,-1.0,1.0,-0.9483405,0.6318761,0.8223195,1.0,1.0,1.0,-0.18641108,1.0,-1.0,0.48744476,0.13077193
291,-1.0,0.38733786,1.0,-1.0,-1.0,0.9539212,-0.34837702,1.0,-0.40840396,1.0,0.12883176,-1.0,1.0,-1.0,0.51196754,1.0,1.0,1.0,1.0,-0.5197275,1.0,-1.0,1.0,0.2829129
292,-1.0,-0.9848806,1.0,-1.0,-1.0,0.5072688,0.29166225,1.0,-0.6200447,1.0,0.026129857,-0.97637707,1.0,-0.95076656,-0.14938083,1.0,1.0,1.0,1.0,-0.0139518455,1.0,-1.0,0.36722624,-0.36627936
293,-1.0,-1.0,1.0,-1.0,-1.0,-0.38855076,-0.11712217,0.6225414,-0.45797327,1.0,-1.0,-0.739353,0.6997396,-0.7211668,-1.0,1.0,0.32078698,1.0,1.0,1.0,1.0,-1.0,0.3505379,-0.3907594
294,-0.6119925,-1.0,1.0,-1.0,-1.0,-0.76650834,0.43268737,-0.049055815,-0.7862408,1.0,-0.15710579,-0.5178842,0.2633911,-0.79804695,-1.0,1.0,0.9530153,1.0,1.0,0.751189,1.0,-1.0,-0.40262136,-0.3590681
295,-0.76751506,-1.0,1.0,-1.0,-1.0,-1.0,1.0,0.14110169,-1.0,1.0,0.15055086,1.0,1.0,-1.0,-1.0,1.0,1.0,1.0,1.0,-0.1509291,1.0,-1.0,-0.69757175,-1.0
296,-0.027972698,-1.0,1.0,-1.0,-1.0,-1.0,1.0,1.0,-1.0,1.0,0.10892011,1.0,1.0,-1.0,-1.0,1.0,1.0,1.0,1.0,0.55401665,0.2522915,-1.0,-1.0,-1.0
297,-0.07660991,-1.0,1.0,-1.0,-1.0,-1.0,0.8482636,-0.33983645,-1.0,1.0,-0.72782576,1.0,1.0,-1.0,-1.0,1.0,1.0,1.0,1.0,0.2724684,0.32188755,-1.0,-1.0,-1.0
298,0.07748082,-1.0,1.0,-1.0,-1.0,-0.19576997,0.40144053,-0.025346965,-1.0,1.0,0.17360677,1.0,1.0,-1.0,-1.0,1.0,0.5173131,1.0,1.0,0.7596808,0.5462886,-1.0,-1.0,-0.6725479
299,-0.15196007,-1.0,1.0,-0.44477755,-1.0,-0.14505303,0.28859708,-0.63813365,-1.0,1.0,1.0,1.0,1.0,-0.67662793,-1.0,1.0,1.0,1.0,1.0,0.128955,0.31395733,-1.0,-1.0,-0.42736748
300,1.0,-1.0,1.0,-0.2966597,-1.0,-0.9706788,0.47570726,1.0,-1.0,1.0,-0.21731077,1.0,1.0,-1.0,-1.0,1.0,1.0,1.0,1.0,0.98355234,0.53769046,-1.0,-1.0,-1.0
301,0.9659128,-1.0,1.0,0.10158585,-1.0,-1.0,1.0,1.0,-1.0,1.0,0.91321087,1.0,1.0,-1.0,-1.0,1.0,1.0,1.0,1.0,0.43378007,0.561687,-1.0,-1.0,-0.69285953
302,1.0,-1.0,1.0,0.86855274,-1.0,-1.0,1.0,1.0,-1.0,1.0,1.0,1.0,1.0,-1.0,-1.0,1.0,1.0,1.0,1.0,0.24717656,0.57857686,-1.0,-1.0,-0.9599319
303,0.9733038,-1.0,1.0,0.9690247,-1.0,-1.0,1.0,1.0,-1.0,1.0,1.0,1.0,1.0,-1.0,-1.0,1.0,1.0,1.0,1.0,0.41273308,0.7562232,-1.0,-1.0,-0.7612486
304,0.31649247,-0.8692185,1.0,1.0,-1.0,-1.0,1.0,1.0,-1.0,1.0,-0.41241825,1.0,1.0,-1.0,-1.0,1.0,1.0,1.0,1.0,0.7552817,1.0,-1.0,-1.0,-0.55415195
305,0.49711445,-0.5427497,1.0,0.74356776,-1.0,-1.0,1.0,1.0,-1.0,1.0,-0.79304373,1.0,1.0,-1.0,-1.0,1.0,1.0,0.87258005,1.0,0.44812882,1.0,-1.0,-1.0,-0.40914905
306,1.0,-1.0,1.0,-0.023718908,-1.0,-1.0,1.0,1.0,-1.0,1.0,-0.48674536,1.0,1.0,-1.0,-1.0,1.0,1.0,1.0,1.0,0.7852596,1.0,-1.0,-1.0,-0.63543135
307,0.9556047,-1.0,1.0,-0.3042,-1.0,-1.0,1.0,1.0,-1.0,1.0,-1.0,1.0,0.42260975,-1.0,-1.0,1.0,1.0,1.0,1.0,0.7682497,1.0,-1.0,-1.0,-1.0
308,1.0,-0.7351176,1.0,-0.013207033,-1.0,-0.87346977,1.0,1.0,-1.0,1.0,-1.0,1.0,-1.0,-1.0,-1.0,1.0,1.0,1.0,1.0,0.88502896,1.0,-1.0,-1.0,-1.0
309,1.0,-1.0,1.0,0.0152219385,-1.0,-0.43316448,0.77737904,1.0,-1.0,1.0,-1.0,1.0,-1.0,-1.0,-1.0,1.0,1.0,1.0,1.0,0.5980793,1.0,-1.0,-1.0,-1.0
310,1.0,-0.45696718,1.0,0.50911,-1.0,0.08338913,0.64847684,1.0,-1.0,1.0,-1.0,1.0,-1.0,-1.0,-1.0,1.0,1.0,1.0,1.0,1.0,1.0,-1.0,-1.0,-1.0
311,1.0,-0.27864653,1.0,0.42914563,-1.0,0.3467903,0.39545873,1.0,-1.0,1.0,0.36473626,1.0,-1.0,-1.0,-1.0,1.0,1.0,1.0,1.0,0.8024384,0.29880095,-1.0,-1.0,-1.0
312,1.0,-0.2285381,1.0,0.38640803,-1.0,-0.010133538,-0.52231,1.0,-1.0,1.0,-0.01019226,1.0,-0.47889143,-1.0,-1.0,-0.067096055,1.0,1.0,1.0,0.4966988,-0.48002,-1.0,-1.0,-1.0
313,1.0,0.22467965,1.0,0.55158937,-1.0,0.062445875,0.29467323,1.0,-1.0,1.0,0.38052905,1.0,-1.0,-1.0,-1.0,0.84414625,1.0,1.0,1.0,0.76266253,-0.3243664,-1.0,-1.0,-1.0
314,1.0,-0.057341397,1.0,0.29784238,-1.0,0.463879,-0.6557052,1.0,-1.0,1.0,0.09371628,1.0,-1.0,-1.0,-1.0,0.8279388,1.0,1.0,1.0,0.55245286,-0.24979049,-1.0,-1.0,-1.0
315,1.0,-0.9963805,1.0,-0.7541916,-1.0,-0.8303439,-0.5580374,1.0,-1.0,1.0,0.5777013,1.0,-1.0,-1.0,-1.0,1.0,1.0,1.0,1.0,0.35865247,-0.6880707,-1.0,-1.0,-1.0
316,1.0,-0.24047607,1.0,-1.0,-1.0,-0.3633461,0.4874201,1.0,-1.0,1.0,-0.18748777,1.0,-1.0,-1.0,-1.0,0.9386778,1.0,0.32727984,1.0,1.0,-0.93781334,-1.0,-1.0,-1.0
317,1.0,-1.0,1.0,-1.0,-1.0,-0.8481648,-0.56843674,1.0,-1.0,1.0,0.86974597,1.0,-1.0,-1.0,-1.0,1.0,1.0,1.0,1.0,0.42238224,-0.3101688,-1.0,-1.0,-1.0
318,1.0,-1.0,1.0,0.16725062,-1.0,-1.0,-0.1346272,1.0,-1.0,1.0,0.2284161,1.0,-0.51033944,-1.0,-1.0,1.0,1.0,1.0,1.0,0.20080984,-0.23140961,-1.0,-1.0,-1.0
319,1.0,-1.0,1.0,-0.32295018,-0.8425068,-1.0,1.0,1.0,-1.0,1.0,-0.45847702,1.0,0.15818626,-1.0,-0.29912797,1.0,1.0,0.19986793,1.0,0.96346307,-0.4645341,-1.0,-1.0,-1.0
320,1.0,-1.0,0.6679607,-0.8301229,-0.86701614,-1.0,1.0,1.0,-1.0,1.0,-0.62705815,1.0,-0.5119278,-1.0,0.22736856,1.0,1.0,0.49371472,1.0,1.0,0.9961852,-1.0,-1.0,-0.941162
321,1.0,-1.0,1.0,-0.6572153,-0.82513136,-1.0,1.0,1.0,-1.0,1.0,-0.6977131,1.0,1.0,-1.0,-0.7629386,0.69260514,1.0,0.6102607,1.0,1.0,-0.8633054,-1.0,-1.0,-0.92189074
322,1.0,-1.0,1.0,-0.239518,-0.3389477,-1.0,1.0,1.0,-1.0,1.0,-0.018185869,1.0,0.30785102,-1.0,-0.45042732,1.0,1.0,0.9005914,1.0,0.13513279,-0.2627346,-1.0,-1.0,-1.0
323,1.0,-1.0,0.53682035,-0.3907135,0.79877305,-1.0,0.6870884,1.0,-1.0,1.0,-0.6739104,1.0,0.44953763,-1.0,0.11727446,1.0,1.0,0.41328326,1.0,0.11758136,0.20758373,-1.0,-1.0,-1.0
324,1.0,-0.75628704,1.0,-0.035298944,1.0,-1.0,1.0,1.0,-0.583091,1.0,-1.0,1.0,0.29192215,-1.0,0.5702946,0.584371,1.0,-0.31226715,1.0,0.39510214,-0.54099077,-1.0,-1.0,-1.0
325,1.0,-0.06368047,1.0,-0.49230456,1.0,-1.0,1.0,1.0,-0.2250453,1.0,-1.0,1.0,0.65055394,-1.0,0.71745694,0.62032473,1.0,-0.12820134,1.0,-0.28227454,0.39377564,-1.0,-1.0,-1.0
326,1.0,1.0,1.0,-0.0070673376,1.0,-0.78893036,1.0,1.0,-1.0,1.0,-1.0,0.0633893,1.0,-1.0,1.0,-0.08234957,1.0,-0.29937991,1.0,-1.0,0.7716627,-1.0,-1.0,-0.9557905
327,1.0,1.0,1.0,1.0,1.0,-0.13098694,1.0,1.0,-0.88848317,1.0,-1.0,-0.2305597,0.8095524,-1.0,1.0,-0.37382105,1.0,-1.0,0.93424046,-1.0,1.0,-1.0,-1.0,-0.6235701
328,1.0,1.0,1.0,1.0,1.0,0.10042226,1.0,1.0,-0.23778316,1.0,-1.0,-0.62930083,0.9577423,-1.0,1.0,-0.43595877,1.0,-1.0,1.0,-1.0,1.0,-1.0,-1.0,-0.99352825
329,1.0,1.0,1.0,1.0,1.0,0.009187724,1.0,1.0,0.19184044,1.0,-1.0,-0.7384805,0.65338284,-1.0,1.0,-0.6921958,1.0,-1.0,0.94012415,-1.0,1.0,-1.0,-1.0,-0.8655002
330,1.0,0.7619609,1.0,1.0,1.0,-0.9070556,1.0,1.0,0.50999665,1.0,-1.0,0.51052845,0.7742789,-1.0,1.0,0.4339287,1.0,-1.0,0.02722457,-1.0,1.0,-0.5236528,-1.0,-0.6734997
331,1.0,0.35540023,1.0,1.0,1.0,-0.6611637,1.0,1.0,0.45220396,1.0,-1.0,1.0,-0.5865312,-1.0,1.0,0.17765889,1.0,-1.0,0.30617067,-1.0,1.0,-0.27838624,-1.0,-0.19968641
332,1.0,0.69326675,1.0,-0.32604498,1.0,-1.0,1.0,1.0,-0.070566624,1.0,-1.0,1.0,-0.065161526,-1.0,1.0,-0.35027322,1.0,0.82708395,0.7511022,-1.0,1.0,-0.17069687,-1.0,-1.0
333,1.0,0.8424134,1.0,-1.0,1.0,-1.0,1.0,1.0,0.518389,1.0,-1.0,1.0,-1.0,-1.0,1.0,-0.81731975,1.0,1.0,0.5114186,-1.0,1.0,-0.22105023,-1.0,-0.93920875
334,1.0,0.48382252,1.0,-1.0,1.0,-1.0,1.0,1.0,1.0,1.0,-1.0,1.0,-0.88308483,-1.0,1.0,-1.0,1.0,0.5971856,0.23547554,-1.0,0.44738942,-0.15436088,-1.0,-0.8645283
335,1.0,0.40470824,1.0,-1.0,1.0,-1.0,1.0,1.0,1.0,1.0,-1.0,1.0,-0.9583686,-1.0,1.0,-1.0,1.0,-0.096012294,-0.6696353,-1.0,0.61608696,0.45812488,-1.0,-1.0
336,1.0,0.06578636,1.0,-1.0,1.0,-1.0,1.0,1.0,1.0,1.0,-1.0,1.0,-1.0,-1.0,1.0,-1.0,1.0,0.4193062,0.0023038685,-1.0,-0.073794305,0.12010698,-1.0,-0.65516436
337,1.0,0.42175853,1.0,-1.0,1.0,-1.0,1.0,1.0,1.0,1.0,-1.0,1.0,-0.9374959,-1.0,1.0,-1.0,1.0,0.010478824,-0.7063663,-1.0,0.026346743,1.0,-1.0,-1.0
338,1.0,1.0,1.0,-1.0,1.0,-0.15102601,1.0,1.0,1.0,1.0,-1.0,0.31753397,-0.29694957,-1.0,1.0,-1.0,1.0,-0.26118913,-0.6784009,-1.0,-1.0,-1.0,-1.0,-1.0
339,1.0,1.0,1.0,-1.0,1.0,-0.66384333,1.0,1.0,1.0,1.0,-1.0,0.29440624,1.0,-1.0,1.0,-0.32888243,1.0,-0.561607,-1.0,-1.0,-0.14557466,-0.37838686,-1.0,-0.4668615
340,1.0,1.0,1.0,-1.0,1.0,-0.15111172,1.0,1.0,0.39735445,1.0,-1.0,0.8887075,1.0,-1.0,1.0,-0.34624383,1.0,-0.8271026,-1.0,-1.0,0.35038516,0.11098878,-1.0,-0.2217933
341,1.0,1.0,1.0,-1.0,1.0,1.0,1.0,1.0,0.8775847,1.0,-1.0,1.0,1.0,-1.0,1.0,-0.5790783,1.0,-0.76350206,-1.0,-1.0,0.028383791,-0.4624285,-1.0,-1.0
342,1.0,1.0,1.0,-1.0,1.0,1.0,1.0,1.0,-0.15916315,1.0,-1.0,0.62850213,1.0,-1.0,1.0,-1.0,1.0,-0.5737431,-1.0,-1.0,0.19049826,0.5047981,-1.0,-0.45365727
343,1.0,1.0,1.0,-1.0,1.0,1.0,0.9237063,1.0,0.49613628,1.0,-1.0,0.754877,1.0,-1.0,1.0,-0.64913416,0.34047827,-0.889575,-1.0,-1.0,-0.32695788,0.59290737,-1.0,-0.82641083
344,1.0,1.0,1.0,-1.0,1.0,1.0,1.0,1.0,0.20814988,1.0,-1.0,-0.67648137,1.0,-1.0,1.0,-1.0,1.0,-0.58066404,-1.0,-1.0,-1.0,-0.60295844,-1.0,-0.67706317
345,1.0,1.0,0.7831264,-1.0,1.0,0.262829,1.0,0.99613357,-0.8142967,0.25101775,-1.0,-1.0,1.0,-1.0,1.0,-0.29125342,1.0,-1.0,-1.0,-1.0,-0.5429794,-0.25287563,-1.0,0.05204398
346,1.0,1.0,1.0,-1.0,1.0,-1.0,1.0,1.0,-1.0,0.94022983,-1.0,-0.25886148,1.0,-1.0,1.0,-0.35975906,1.0,-1.0,-1.0,-1.0,-0.8922029,-1.0,-1.0,0.2229253
347,1.0,1.0,1.0,-1.0,1.0,-0.14450943,1.0,1.0,-0.38745973,0.8934521,-1.0,-1.0,1.0,-1.0,1.0,-0.7820661,1.0,-1.0,-1.0,-1.0,-0.89600664,-1.0,-1.0,0.6327219
348,1.0,1.0,1.0,-1.0,1.0,1.0,1.0,1.0,0.40851972,1.0,-1.0,-1.0,1.0,-1.0,1.0,-0.6263838,1.0,-1.0,-1.0,-1.0,-0.7107155,-1.0,-1.0,0.10437883
349,1.0,1.0,1.0,-1.0,1.0,0.6459279,1.0,1.0,0.4171262,1.0,-1.0,-1.0,1.0,-1.0,1.0,-0.11452052,1.0,-1.0,-1.0,-1.0,-0.81530935,-1.0,-1.0,-0.0660634
350,1.0,1.0,1.0,-1.0,1.0,0.57752717,1.0,1.0,0.6249926,1.0,-1.0,-1.0,1.0,-1.0,1.0,-0.085710794,1.0,-1.0,-1.0,-1.0,-0.30312556,-1.0,-1.0,-0.26511478
351,1.0,1.0,1.0,-1.0,1.0,0.52098435,1.0,1.0,0.8558558,1.0,-1.0,-1.0,1.0,-1.0,1.0,-0.0041946173,1.0,-1.0,-1.0,-1.0,-0.29383165,-1.0,-1.0,-0.2327472
352,1.0,1.0,1.0,-1.0,1.0,0.47699088,1.0,1.0,-0.008227915,1.0,-1.0,-0.8984134,1.0,-1.0,1.0,-0.16312176,1.0,-1.0,-0.70495546,-1.0,-0.74812645,-1.0,-1.0,0.3162278
353,1.0,1.0,1.0,-0.9223755,1.0,0.74182034,1.0,1.0,-0.38612255,1.0,-1.0,-0.66365343,1.0,-1.0,1.0,-0.4807615,1.0,-1.0,-0.39618704,-1.0,-0.6678887,-1.0,-1.0,-0.1723218
354,1.0,1.0,1.0,-1.0,1.0,1.0,1.0,1.0,-1.0,1.0,-1.0,0.5493501,1.0,-1.0,1.0,-0.50131357,1.0,-1.0,-0.823931,-1.0,-1.0,-1.0,-1.0,-0.24191236
355,1.0,1.0,0.74513453,-0.018142655,1.0,0.7063544,1.0,1.0,-1.0,1.0,-1.0,0.04101789,1.0,-1.0,1.0,-0.9758462,1.0,-1.0,-1.0,-1.0,-1.0,-1.0,-1.0,0.51085746
356,1.0,1.0,1.0,-0.056891277,1.0,0.5089377,1.0,1.0,-1.0,1.0,-1.0,0.87501323,1.0,-1.0,1.0,-0.876433,1.0,-1.0,-0.92888784,-1.0,-1.0,-1.0,-1.0,-0.3317095
357,1.0,1.0,0.59068555,0.47049803,1.0,1.0,1.0,1.0,-1.0,1.0,-1.0,0.25298727,1.0,-1.0,1.0,-1.0,1.0,-1.0,-1.0,-1.0,-1.0,-1.0,-1.0,0.062028296
358,1.0,1.0,1.0,0.90050477,1.0,0.831211,1.0,0.86021626,-1.0,1.0,-1.0,1.0,0.85673344,-1.0,1.0,-0.7784935,1.0,-1.0,-0.46702042,-1.0,-1.0,-1.0,-1.0,-0.17231739
359,1.0,1.0,1.0,1.0,1.0,0.9728476,1.0,1.0,-1.0,1.0,-1.0,-0.4378047,0.57552415,-1.0,1.0,-0.9027896,1.0,-1.0,-0.23858604,-0.75619155,-0.39262408,-1.0,-1.0,-0.9294419
360,1.0,1.0,-0.29311752,1.0,1.0,1.0,1.0,1.0,-1.0,1.0,-1.0,0.13052982,1.0,0.35156164,1.0,-1.0,1.0,-1.0,0.35995016,-1.0,-1.0,-1.0,-1.0,-1.0
361,1.0,1.0,-0.17410268,1.0,1.0,1.0,1.0,1.0,-1.0,1.0,-1.0,-0.888343,1.0,-0.78519577,1.0,-1.0,1.0,-1.0,-0.7008538,-1.0,-1.0,-1.0,-1.0,-0.14744675
362,0.51701176,1.0,0.16342555,0.5153237,1.0,1.0,1.0,1.0,-1.0,1.0,-1.0,-0.13423482,1.0,0.1970652,1.0,-0.46968004,1.0,-1.0,0.033349156,-1.0,-1.0,-1.0,-1.0,-0.23417294
363,1.0,1.0,-0.1852801,0.96575016,1.0,1.0,1.0,1.0,-0.89476836,1.0,-1.0,-0.056549966,1.0,0.3310953,1.0,-0.957571,1.0,-1.0,-0.34445837,-1.0,-1.0,-1.0,-1.0,-0.1634934
364,1.0,1.0,-0.21919124,0.95069426,1.0,1.0,1.0,1.0,-0.7783934,1.0,-1.0,-0.8839693,1.0,0.06037089,1.0,-0.9035177,1.0,-1.0,-0.38284722,-1.0,-1.0,-1.0,-1.0,0.6660762
365,1.0,1.0,0.46710187,0.9068467,1.0,1.0,1.0,1.0,-0.8691671,1.0,-1.0,-0.3554098,1.0,0.0028564595,1.0,-0.46332982,1.0,-1.0,-0.24236181,-1.0,-1.0,-1.0,-1.0,0.3470919
366,1.0,1.0,0.38951844,0.26835996,1.0,1.0,1.0,1.0,-1.0,1.0,-1.0,0.7082633,1.0,-0.32979384,1.0,-1.0,1.0,-1.0,0.35692444,-1.0,-1.0,-1.0,-1.0,-0.6659652
367,1.0,1.0,-0.04679419,0.9121614,1.0,1.0,1.0,1.0,-0.56007206,1.0,-1.0,0.53308964,1.0,0.12630889,1.0,-0.52220726,1.0,-1.0,0.1357849,-1.0,-1.0,-1.0,-1.0,-0.7106514
368,1.0,1.0,0.09156756,0.9023579,1.0,1.0,1.0,1.0,-0.5898695,1.0,-1.0,0.74899626,1.0,0.09222922,1.0,-0.9513457,1.0,-1.0,0.42827618,-1.0,-1.0,-1.0,-1.0,-0.4715346
369,1.0,1.0,0.171714,0.8842576,1.0,1.0,1.0,1.0,-0.8497722,1.0,-1.0,0.6053382,1.0,0.040479507,1.0,-0.9205804,1.0,-1.0,0.25230625,-1.0,-1.0,-1.0,-1.0,-0.55189085
370,1.0,1.0,-0.056956843,1.0,1.0,1.0,1.0,1.0,-1.0,1.0,-1.0,0.5138091,1.0,0.3207043,1.0,-1.0,1.0,-1.0,0.58563185,-1.0,-1.0,-1.0,-1.0,-0.51751816
371,1.0,1.0,-1.0,1.0,1.0,1.0,1.0,1.0,-1.0,1.0,-1.0,0.066432625,1.0,1.0,1.0,-1.0,1.0,-1.0,1.0,-1.0,-1.0,-0.85209596,-1.0,0.17354167
372,1.0,1.0,-1.0,0.78965706,1.0,1.0,1.0,1.0,-1.0,1.0,-1.0,0.27611285,1.0,1.0,1.0,-1.0,1.0,-1.0,1.0,-1.0,-1.0,-0.8391739,-1.0,0.46742713
373,1.0,1.0,-1.0,1.0,1.0,1.0,1.0,1.0,-1.0,1.0,-1.0,0.4383785,1.0,1.0,1.0,-1.0,0.9883399,-1.0,1.0,-0.91256297,-1.0,-0.5998564,-1.0,0.3510877
374,1.0,1.0,-1.0,1.0,1.0,1.0,1.0,1.0,-1.0,1.0,-1.0,0.46207124,1.0,1.0,1.0,-1.0,1.0,-1.0,1.0,-1.0,-1.0,-0.4308262,-1.0,0.19037974
375,1.0,1.0,-1.0,0.992001,1.0,1.0,1.0,1.0,-1.0,1.0,-1.0,0.30798644,1.0,1.0,1.0,-1.0,1.0,-1.0,1.0,-1.0,-1.0,-0.23513849,-1.0,0.508366
376,1.0,1.0,-1.0,1.0,1.0,1.0,1.0,1.0,-1.0,1.0,-0.23069237,0.34648073,1.0,1.0,1.0,-1.0,0.534507,-1.0,1.0,-1.0,-1.0,-0.35111952,-1.0,0.08629263
377,1.0,1.0,-0.715306,1.0,1.0,1.0,0.5223284,1.0,-1.0,1.0,0.7024989,0.3595099,1.0,1.0,1.0,-1.0,0.120713025,-1.0,1.0,-1.0,-1.0,0.28411114,-1.0,0.32172716
378,1.0,1.0,-1.0,1.0,0.021859169,1.0,-0.02783665,1.0,-1.0,1.0,1.0,1.0,1.0,1.0,1.0,-1.0,-0.9339019,-1.0,1.0,-1.0,-1.0,-0.13981105,-1.0,-0.151708
379,1.0,1.0,-1.0,1.0,-1.0,1.0,-1.0,1.0,-1.0,1.0,1.0,1.0,0.9365284,1.0,1.0,-1.0,-0.9627316,-1.0,0.9191412,-1.0,-1.0,0.48076648,-1.0,-0.019690866
380,0.78428197,0.67052805,-1.0,1.0,-1.0,1.0,-1.0,1.0,-1.0,1.0,1.0,1.0,1.0,1.0,1.0,-1.0,-1.0,-1.0,-0.09936795,-1.0,-1.0,1.0,-0.68747056,-1.0
381,0.5956745,0.45558387,-1.0,1.0,-1.0,1.0,-1.0,1.0,-1.0,1.0,1.0,1.0,1.0,1.0,1.0,-1.0,-1.0,-1.0,-0.7413137,-1.0,-1.0,1.0,-0.017339468,-1.0
382,0.76791525,1.0,-1.0,1.0,-1.0,1.0,-1.0,1.0,-0.18408152,0.72209734,1.0,0.6802685,0.7246907,1.0,1.0,-1.0,-1.0,-1.0,-0.9642403,-1.0,-1.0,1.0,0.4618758,-1.0
383,1.0,1.0,-1.0,0.4741555,-1.0,1.0,-1.0,1.0,-0.46207702,1.0,1.0,1.0,0.31117564,1.0,1.0,-1.0,-1.0,-1.0,-0.88115263,0.44647217,-1.0,1.0,1.0,-1.0
384,-0.35063198,1.0,-1.0,-1.0,-0.5685041,1.0,-1.0,1.0,-0.36793372,1.0,1.0,-1.0,1.0,1.0,1.0,-1.0,-1.0,-1.0,-1.0,0.90589905,-1.0,0.940202,1.0,-1.0
385,-0.85255694,1.0,-0.8192783,-1.0,0.13476026,1.0,-1.0,1.0,-0.46739295,1.0,0.42976367,-1.0,0.4705643,1.0,1.0,-0.44992805,-0.34470996,-1.0,-0.9664253,-0.31407702,-1.0,0.11450909,1.0,-1.0
386,-0.25681582,1.0,-1.0,-1.0,-0.20369431,1.0,-1.0,1.0,-0.2607446,1.0,0.997393,-1.0,0.91107047,1.0,1.0,-0.58650815,-0.16982266,-1.0,-0.65513086,0.37061626,-1.0,-0.64187735,1.0,-1.0
387,-0.848467,1.0,-1.0,-1.0,-0.64944,1.0,-1.0,0.7141641,0.39627138,1.0,1.0,-1.0,0.44953072,1.0,1.0,-1.0,-1.0,-1.0,-0.5496658,0.18913543,-1.0,-0.8710532,1.0,-1.0
388,-1.0,1.0,-1.0,-1.0,0.5716357,1.0,-0.8601744,-0.6486355,1.0,1.0,1.0,-1.0,0.6978917,-0.13640997,1.0,-0.34664223,-1.0,-1.0,-0.023272127,0.6689528,-1.0,-1.0,1.0,-1.0
389,-1.0,1.0,-1.0,-1.0,-0.48404175,1.0,-0.71900725,0.2768668,1.0,1.0,1.0,-1.0,-0.18201959,1.0,1.0,-1.0,-1.0,-0.77119434,-0.050680727,0.82456017,-1.0,-1.0,1.0,-1.0
390,-1.0,0.6044369,-1.0,-1.0,0.1501455,1.0,0.16464582,0.23253739,1.0,1.0,1.0,-1.0,0.78060913,0.9931745,1.0,-0.37297326,-1.0,-0.91146636,0.03632891,0.42168093,-1.0,-0.8190166,1.0,-1.0
391,-0.9147233,0.8308207,-1.0,-1.0,0.84078807,1.0,-0.10083696,-0.06085992,1.0,1.0,1.0,-1.0,0.6871712,1.0,1.0,-0.56269944,-1.0,-1.0,-0.32578334,0.02704274,-1.0,-0.67590415,1.0,-1.0
392,-0.6208732,0.5150008,-1.0,-1.0,0.22170857,1.0,-0.20417449,0.10135841,1.0,1.0,1.0,-1.0,0.3650775,1.0,1.0,-0.67460895,-1.0,-1.0,-0.11780834,0.53644645,-1.0,-0.8501531,1.0,-1.0
393,-1.0,0.70532155,-1.0,-1.0,-0.0693222,1.0,-0.2889323,0.4053653,1.0,1.0,1.0,-1.0,0.7475493,1.0,1.0,-0.33488968,-1.0,-0.85154665,-0.301061,0.9511808,-1.0,-1.0,1.0,-1.0
394,-0.7850822,1.0,-0.8164571,-1.0,-0.46185338,1.0,-0.49424323,0.4475498,1.0,1.0,1.0,-1.0,-0.41438532,0.86350477,1.0,-0.26586813,-1.0,0.31857792,0.57243335,0.312608,-1.0,-0.5551146,1.0,-1.0
395,-0.46074918,0.9437277,0.649821,-1.0,0.09198171,1.0,-1.0,0.067184776,1.0,1.0,1.0,-0.9222584,-0.65590316,0.4040964,0.5626895,0.49403962,-0.97765183,1.0,1.0,-0.94212097,-1.0,0.6721519,1.0,-1.0
396,-0.11813608,-0.7028945,1.0,-1.0,1.0,1.0,-1.0,-0.012053639,1.0,1.0,1.0,1.0,-0.79091924,1.0,-0.4476256,0.77095103,-1.0,0.97934103,1.0,-1.0,-1.0,0.7257531,1.0,-1.0
397,0.64539087,0.510483,1.0,-1.0,1.0,1.0,-1.0,1.0,1.0,1.0,1.0,1.0,-1.0,0.27382812,-1.0,1.0,-0.2776204,1.0,1.0,-1.0,-0.7113119,1.0,1.0,-1.0
398,0.5747837,0.5107278,1.0,-1.0,1.0,1.0,-1.0,1.0,1.0,0.5128279,1.0,1.0,-1.0,0.5079471,-0.8868631,0.8694339,0.27314684,1.0,1.0,-1.0,-0.24656552,1.0,1.0,-0.67932785
399,-0.01093927,0.19872373,1.0,-1.0,1.0,1.0,-1.0,1.0,1.0,0.47338787,1.0,1.0,-1.0,0.43327966,-0.5740367,1.0,0.5432546,1.0,1.0,-1.0,-0.20828635,1.0,1.0,-0.9434085
400,-0.001303941,0.2666616,1.0,-1.0,1.0,1.0,-1.0,1.0,1.0,0.4218349,1.0,1.0,-1.0,0.5357937,-0.9352671,0.9790939,0.91291046,1.0,1.0,-1.0,-0.6051103,1.0,1.0,-0.72065467
401,-0.52897596,0.46399122,1.0,-1.0,1.0,1.0,-1.0,1.0,1.0,0.14166245,1.0,1.0,-1.0,0.8064371,-0.5629873,0.7614932,0.5257839,1.0,1.0,-1.0,-0.54774666,1.0,1.0,-0.92060834
402,-0.58588874,0.55195093,1.0,-1.0,1.0,1.0,-1.0,1.0,1.0,0.41653877,1.0,1.0,-1.0,0.8988502,-0.677282,0.5035957,0.7845073,1.0,0.9439547,-1.0,-0.4243015,0.68542635,1.0,-0.9109594
403,-0.7224858,0.80796355,1.0,-1.0,0.4348457,1.0,-1.0,1.0,1.0,0.68579835,1.0,0.6711099,-1.0,0.96623915,-0.67972887,0.14916834,1.0,1.0,0.99427474,-1.0,-0.33941633,0.61394686,1.0,-0.6218588
404,-0.7270484,0.65545887,1.0,-1.0,0.69086045,1.0,-1.0,1.0,1.0,1.0,1.0,-0.23988384,-1.0,0.45021132,0.6453986,-0.16840714,1.0,1.0,1.0,-1.0,0.26183948,1.0,1.0,-0.13450973
405,-0.5162623,0.55664486,1.0,-1.0,-0.4781856,1.0,-1.0,1.0,1.0,1.0,1.0,-0.5230607,0.41946775,-1.0,1.0,-0.6567485,1.0,1.0,1.0,-1.0,-0.6675994,0.8857395,1.0,1.0
406,-1.0,0.8465096,1.0,-1.0,-1.0,1.0,-1.0,1.0,1.0,0.96543604,1.0,-1.0,1.0,-1.0,1.0,-1.0,1.0,-0.56069505,0.16748837,-1.0,-1.0,-1.0,1.0,-0.082647495
407,-1.0,1.0,0.68056095,-1.0,-1.0,1.0,-1.0,0.6303303,0.43334588,1.0,0.56461585,-1.0,1.0,-1.0,1.0,-1.0,1.0,-1.0,-0.21876308,1.0,-1.0,-1.0,1.0,-0.27257454
408,-1.0,1.0,0.7694304,-1.0,-1.0,1.0,0.20731571,0.8217912,0.049651623,1.0,-0.36672753,-1.0,1.0,-1.0,1.0,-1.0,1.0,-0.75182176,0.16726705,1.0,-1.0,-1.0,1.0,1.0
409,-1.0,1.0,-0.40009135,-1.0,-1.0,1.0,1.0,1.0,-1.0,1.0,-0.96460783,-1.0,1.0,-1.0,1.0,-1.0,1.0,-0.95061004,-0.7950709,1.0,-1.0,-1.0,1.0,-0.14008161
410,-1.0,1.0,-0.5319125,-1.0,-1.0,1.0,1.0,1.0,-1.0,1.0,-1.0,-1.0,1.0,-1.0,1.0,-1.0,1.0,-1.0,-1.0,1.0,-1.0,-1.0,1.0,1.0
411,-1.0,1.0,-0.4884913,-1.0,-1.0,1.0,1.0,1.0,-1.0,1.0,-1.0,-1.0,1.0,-1.0,1.0,-1.0,1.0,-1.0,-1.0,1.0,-1.0,-1.0,0.9541967,1.0
412,-1.0,1.0,-0.65869766,-1.0,-1.0,1.0,1.0,1.0,-1.0,1.0,-1.0,-1.0,1.0,-1.0,1.0,-1.0,1.0,-1.0,-0.7825972,1.0,-1.0,-1.0,0.96906674,1.0
413,-1.0,1.0,-0.69267327,-1.0,-1.0,1.0,1.0,1.0,-1.0,1.0,-1.0,-1.0,1.0,-1.0,1.0,-1.0,1.0,-1.0,-0.78115606,1.0,-1.0,-1.0,0.7817098,1.0
414,-1.0,1.0,-0.49829358,-1.0,-1.0,1.0,1.0,1.0,-1.0,1.0,-1.0,-1.0,1.0,-1.0,1.0,-1.0,1.0,-1.0,-0.6832341,1.0,-1.0,-1.0,1.0,1.0
415,-1.0,1.0,-0.88129574,-1.0,-1.0,1.0,1.0,1.0,-1.0,1.0,-1.0,-1.0,1.0,-1.0,1.0,-1.0,1.0,-1.0,0.034633666,1.0,-1.0,-1.0,1.0,1.0
416,-1.0,1.0,-1.0,-1.0,-1.0,1.0,1.0,1.0,-1.0,1.0,-1.0,-1.0,1.0,-1.0,1.0,-1.0,1.0,-1.0,-0.7302122,1.0,0.13024455,-1.0,1.0,1.0
417,-1.0,1.0,0.7337124,-1.0,-0.5344102,1.0,0.9197867,1.0,-1.0,-0.30550003,-1.0,-1.0,1.0,-1.0,1.0,-1.0,1.0,-1.0,-1.0,1.0,-0.15437645,-1.0,1.0,1.0
418,-1.0,1.0,1.0,-1.0,-0.84079874,1.0,0.76149344,1.0,-1.0,0.56312567,-1.0,-1.0,1.0,-1.0,1.0,-1.0,1.0,-1.0,-1.0,1.0,0.5843918,-1.0,1.0,1.0
419,-1.0,1.0,1.0,-1.0,-0.13456565,1.0,0.7062789,1.0,-1.0,-0.20892638,-1.0,-1.0,1.0,-1.0,1.0,-1.0,1.0,-1.0,-1.0,1.0,0.80030215,-1.0,1.0,1.0
420,-1.0,1.0,1.0,-1.0,-1.0,1.0,0.98600006,1.0,-1.0,-0.19014984,-1.0,-1.0,1.0,-1.0,1.0,-1.0,1.0,-1.0,-1.0,1.0,0.6967222,-1.0,1.0,1.0
421,-1.0,1.0,1.0,-1.0,-1.0,1.0,0.9085262,1.0,-1.0,-0.55553085,-1.0,-1.0,1.0,-1.0,1.0,-1.0,1.0,-1.0,-1.0,1.0,0.41076636,-1.0,1.0,1.0
